"ID","Product_Category","Brand_Special","Sales_Amount","Customer_Satisfaction","Return_Rate","Stock_Levels"
1,"Groceries","RetailX?&*",741.620737314833,NA,14.6478882480319,310.180983094332
2,"Groceries","BrandA\(#",568.51982380511,5.02300942606641,11.9802207722636,277.647940398921
3,"Groceries","ShopZ@*\",455.304069103801,3.71961878943447,9.05335457308804,282.823703622229
4,"Clothing","ShopZ@*\",779.73911469581,3.58200034707357,16.9587042495976,269.80821017646
5,"Groceries","OutletY(&?",783.222602391551,4.32647375138892,15.1608186306966,361.933625923611
6,"Clothing","OutletY(&?",378.128818370982,4.22064656242147,5.85351619873794,329.974602665316
7,"Clothing","ShopZ@*\",546.903195595542,4.37581452829564,11.8366135950385,294.563312120187
8,"Clothing","BrandA\(#",478.875308136785,3.86101245742233,9.33977213624138,243.057151762355
9,"Groceries","OutletY(&?",518.705114655401,4.56132710812984,11.8375098736383,315.992766927918
10,"Electronics","ShopZ@*\",522.754272856881,3.413695569901,10.5794637236169,407.325647953303
11,"Furniture","RetailX?&*",373.809953713095,3.97556161601317,8.929939918095,257.419397858501
12,"Clothing","RetailX?&*",528.558958024256,3.64792983139102,10.9214061199925,401.939302234969
13,"Clothing","RetailX?&*",674.92473631418,4.34037931900859,13.1494692466238,230.200888820781
14,"Electronics","ShopZ@*\",483.59099958652,4.06500338070107,10.3974185995502,427.742885711303
15,"Clothing","BrandA\(#",483.707328930155,4.55485404088507,9.21490814898162,270.959693504989
16,"Groceries","BrandA\(#",639.857200633747,5.02925043449067,14.4819032439289,270.212215661743
17,"Furniture","RetailX?&*",589.839624068295,4.07032776586249,11.9433764981694,243.723730900358
18,"Electronics","RetailX?&*",335.150518161872,NA,4.67315327030784,258.233956185739
19,"Groceries","OutletY(&?",522.855697326219,3.58824163674065,9.98494386641834,248.097897842445
20,"Groceries","ShopZ@*\",665.354723467773,3.86848300888468,11.6747225425684,367.123027328682
21,"Electronics","RetailX?&*",641.527634991914,3.96519908181981,10.6521973937437,485.224895031533
22,"Furniture","RetailX?&*",541.995160381423,4.99590095736029,10.8991118587161,342.907389507682
23,"Electronics","BrandA\(#",572.122080711289,3.43544522863112,12.0903022509234,458.859781363847
24,"Electronics","ShopZ@*\",380.306478781132,3.45339128173756,6.84470268695732,285.18565024998
25,"Electronics","BrandA\(#",530.013156688137,3.79601665484111,9.2714208076388,432.125927647083
26,"Groceries","ShopZ@*\",404.555106481218,4.29377973174916,7.48907138239599,304.905604450883
27,"Furniture","ShopZ@*\",454.198193190306,4.4105559298687,7.53343859145563,300.879831458961
28,"Clothing","ShopZ@*\",593.56036837796,3.54603265037908,12.5742091627093,248.285993996512
29,"Groceries","ShopZ@*\",386.310688830886,4.06351930317479,8.30071678172602,268.564143518525
30,"Clothing","RetailX?&*",526.691825087306,3.97855351105121,8.9385449921799,279.75492963651
31,"Electronics","RetailX?&*",542.833203947154,4.59760323521288,10.2325952173724,427.570451550101
32,"Clothing","OutletY(&?",505.491196983963,4.54459611825103,11.1570399947689,338.190357807808
33,"Groceries","OutletY(&?",682.218882183541,3.84385965278274,13.4763184083428,387.980646793502
34,"Furniture","OutletY(&?",397.765267142475,4.02299688333096,7.96482123531438,365.759004087297
35,"Clothing","BrandA\(#",560.61302614356,4.32636130670077,11.6295007468492,321.142011438667
36,"Electronics","BrandA\(#",491.106943254933,3.17325368170152,10.4489730617794,399.552278619546
37,"Groceries","OutletY(&?",473.916775616608,3.84486451725998,10.6845786510407,328.800286415407
38,"Groceries","OutletY(&?",546.409123385238,4.28743644200124,11.7007478363184,260.569289630465
39,"Electronics","OutletY(&?",397.959940931607,3.73838392280994,6.58163175456729,297.495435443142
40,"Furniture","ShopZ@*\",368.654908348159,3.97004089932591,NA,308.323309901055
41,"Groceries","RetailX?&*",450.551912451658,3.98949623228315,9.31333674482993,182.748839282372
42,"Furniture","BrandA\(#",675.175714975545,3.63817339284184,13.3944344233928,394.831850980342
43,"Clothing","RetailX?&*",505.576477461252,NA,7.93236426802111,233.421928258068
44,"Electronics","RetailX?&*",533.143439822789,3.90006638250094,9.90475407146139,416.059865130877
45,"Groceries","OutletY(&?",481.015336232246,3.82648608859646,NA,299.982876392642
46,"Electronics","RetailX?&*",547.049273195383,4.41704753283073,11.0990326259728,425.90141371216
47,"Electronics","OutletY(&?",404.832045698285,4.76494110624746,6.62408047635099,349.191895173147
48,"Clothing","BrandA\(#",615.791046656864,3.99403881031668,12.5317471393668,307.028230692406
49,"Groceries","ShopZ@*\",558.470526024135,4.19933599624577,11.0107030472749,240.753633100933
50,"Groceries","ShopZ@*\",419.35471773083,3.96479234304714,9.05894822801771,329.624855207842
51,"Furniture","RetailX?&*",505.455324581199,4.30067992194057,12.215665093375,369.034379067153
52,"Electronics","RetailX?&*",571.633161949912,4.1092477311394,NA,460.22696363675
53,"Groceries","RetailX?&*",555.77309820546,NA,10.6103984421184,315.293711814639
54,"Electronics","BrandA\(#",648.193401587688,4.556457563808,12.8251050914114,547.528836272283
55,"Groceries","ShopZ@*\",438.701224510515,3.50628942530227,6.63781948982653,296.960704772456
56,"Furniture","BrandA\(#",611.613661549039,4.72393200656275,12.2010532350206,348.785422743013
57,"Clothing","RetailX?&*",603.654800994122,4.17455620608991,11.47992698197,313.888410472017
58,"Electronics","ShopZ@*\",483.751686809715,4.0904110053561,11.9106365047739,392.707069819218
59,"Clothing","OutletY(&?",402.407330717811,3.71987907443471,5.13017040047287,283.385469676258
60,"Electronics","BrandA\(#",391.085480911548,3.91806120420874,9.30993078643845,313.778613081468
61,"Electronics","BrandA\(#",545.778695794497,4.18684240221522,11.9235985835811,413.550680892843
62,"Furniture","RetailX?&*",492.887326627911,2.96814287130079,10.5928381621785,288.433879916876
63,"Furniture","OutletY(&?",677.910266685145,3.69923902558095,13.7050173264277,283.644118639266
64,"Groceries","ShopZ@*\",553.513796049621,4.2929958061529,10.3594756257882,314.395101498956
65,"Electronics","BrandA\(#",462.80551248365,3.85275910682411,10.3617416504546,327.699756448337
66,"Clothing","RetailX?&*",397.445775150289,3.59973622725787,NA,307.258054340081
67,"Electronics","OutletY(&?",441.759832539475,3.6821527344325,9.52995846865137,375.562323985612
68,"Electronics","BrandA\(#",534.288839289733,4.11787451620702,11.0884159711093,442.754328967284
69,"Groceries","BrandA\(#",454.906535294335,3.18258380757625,10.1743689023219,288.056074190634
70,"Electronics","ShopZ@*\",551.423012023069,4.4356146202911,10.4319138089729,414.019553649225
71,"Clothing","OutletY(&?",466.566194783022,2.91553266278203,8.75033626768341,351.903928555909
72,"Electronics","ShopZ@*\",489.444009120552,3.74833023884222,10.0909567462233,390.161187536074
73,"Groceries","ShopZ@*\",426.949032719217,3.60640876051326,8.84466580989868,335.469491275791
74,"Electronics","ShopZ@*\",690.50435849087,3.37569989522579,15.1840855238197,549.047849261925
75,"Groceries","ShopZ@*\",533.262173147039,3.46104632994352,11.1506428913269,330.465449753434
76,"Clothing","RetailX?&*",523.063364049945,NA,10.6061073203466,288.81411662612
77,"Furniture","ShopZ@*\",330.813758511593,3.94011298439206,7.45889501414731,291.78280408477
78,"Groceries","RetailX?&*",565.979189954933,3.84957368377357,10.7759759833359,331.09969161931
79,"Furniture","ShopZ@*\",397.637641112029,2.83961811220907,9.04572471851967,277.230808818973
80,"Furniture","RetailX?&*",410.84784256457,3.33783964425211,7.19441524742982,293.400812138618
81,"Clothing","ShopZ@*\",591.834117102165,3.93434644376865,12.1748297134162,295.409649589789
82,"Clothing","RetailX?&*",454.729935349177,3.56098242349347,7.38775294337081,220.659549660454
83,"Groceries","RetailX?&*",325.162771999682,3.6016155348445,6.74970469820031,316.709444900347
84,"Furniture","ShopZ@*\",676.990410988936,4.52477035649885,11.9718450886367,328.50034212881
85,"Clothing","OutletY(&?",262.259307460748,4.08779417425867,5.01370120424963,296.944831648093
86,"Clothing","RetailX?&*",557.281152985958,3.47807768918061,9.38816760965271,389.703359997218
87,"Groceries","BrandA\(#",601.724924908461,NA,11.3948786682705,291.210881541538
88,"Groceries","ShopZ@*\",436.903213333947,3.85754825922457,7.96189735674464,328.939961839214
89,"Furniture","BrandA\(#",544.428705141155,3.65985240938245,11.4433487558111,326.629906411912
90,"Electronics","ShopZ@*\",543.913038838856,NA,10.2961386466914,401.428512156934
91,"Clothing","RetailX?&*",604.062315291451,3.9740979589998,11.3126512039565,320.88560434082
92,"Clothing","OutletY(&?",548.409938795252,4.37059735975988,12.1897144637198,290.435970976793
93,"Electronics","BrandA\(#",475.511622090748,4.11342600178365,11.179402851487,370.287211145923
94,"Clothing","BrandA\(#",591.599205794021,3.89992649364212,12.9254645000907,312.67611704066
95,"Furniture","ShopZ@*\",580.062235650977,4.19391012238441,10.1100022078781,312.176107008402
96,"Electronics","BrandA\(#",406.343096586421,4.39695918352575,9.40351501432367,306.638458283395
97,"Electronics","RetailX?&*",359.921256600427,3.92974302087582,5.96988756126883,298.765714594393
98,"Clothing","ShopZ@*\",516.027753999318,4.22790259947294,10.2486040580045,299.573856786189
99,"Groceries","OutletY(&?",472.603762522482,3.42721354645702,10.1865334537624,280.546542250912
100,"Groceries","OutletY(&?",401.44608874377,3.87517465591556,7.81503469448538,366.411667706385
101,"Electronics","OutletY(&?",508.393067951503,3.78985086225298,10.0174685554123,402.935998578912
102,"Furniture","ShopZ@*\",368.000347351309,4.09783225178002,7.48538937325674,281.186742101717
103,"Clothing","OutletY(&?",516.12263513262,4.17865975692149,10.7503107247589,252.68808265609
104,"Electronics","RetailX?&*",437.507161245808,3.93819101050133,9.16149390398942,343.77039826291
105,"Furniture","RetailX?&*",595.716427419248,NA,10.1879672945183,319.357529366225
106,"Clothing","RetailX?&*",742.448914116153,3.53514289160764,14.6733300482632,243.097369941435
107,"Electronics","ShopZ@*\",408.402075631321,4.13926030530104,8.45488003583139,309.205324037806
108,"Groceries","OutletY(&?",605.766417094297,4.67841842613771,12.7060683535253,309.209855976931
109,"Groceries","ShopZ@*\",582.514972776828,3.60643220253515,11.3329391713739,259.05501723345
110,"Furniture","ShopZ@*\",492.980577569464,3.8076006638514,9.15695991095511,367.430764999154
111,"Furniture","RetailX?&*",454.635362594299,4.16534028012597,7.72511945028999,244.64002979635
112,"Clothing","OutletY(&?",657.530770683748,3.72268977496859,NA,222.554844274844
113,"Furniture","BrandA\(#",299.454218176375,4.06078615741023,5.86755943788459,296.50760299448
114,"Groceries","ShopZ@*\",435.680520840634,NA,8.07840436793948,323.400254521076
115,"Electronics","ShopZ@*\",356.315655634222,3.61187420471666,7.72101580080503,285.761215819214
116,"Clothing","ShopZ@*\",639.531343894608,4.41572062556916,13.1581281087899,293.95701813576
117,"Clothing","ShopZ@*\",480.929656735514,4.42315391861148,8.00985470002401,318.940041266337
118,"Furniture","ShopZ@*\",447.532880053033,4.5120697533286,9.26798944585899,261.580717802815
119,"Groceries","ShopZ@*\",818.404447406633,4.63399829309119,16.9097936063506,311.34959667214
120,"Clothing","OutletY(&?",494.996273211237,3.74681910603871,9.63859847431023,258.315636661385
121,"Electronics","OutletY(&?",455.625068813348,3.76775905174585,NA,345.853503264599
122,"Furniture","BrandA\(#",529.986525013614,4.13060900024587,10.1674921933186,305.335773429594
123,"Groceries","BrandA\(#",343.157537924503,4.31504048827581,6.56976401570345,320.573245425754
124,"Groceries","OutletY(&?",549.030264267207,3.83018692188755,9.97356515997682,256.543921747787
125,"Groceries","BrandA\(#",490.383679892003,3.78832759579976,NA,222.451122376025
126,"Clothing","BrandA\(#",546.852512253015,3.69086423622267,9.7122336527248,248.682501116219
127,"Clothing","BrandA\(#",401.762936406215,4.74110094536337,7.44479407279718,199.989850607223
128,"Groceries","RetailX?&*",397.701615785206,2.74591682397926,7.04039424656562,306.450859266654
129,"Electronics","BrandA\(#",430.658533672382,3.91621098310806,7.74225295909096,357.816436348423
130,"Electronics","RetailX?&*",423.201042690722,4.01910643852677,8.09546521402086,349.798816481765
131,"Furniture","RetailX?&*",629.904996668359,3.47019519850322,12.1128474172744,255.26358093064
132,"Groceries","OutletY(&?",657.914556180809,4.19271294741032,12.4583292444341,276.373109360422
133,"Clothing","OutletY(&?",484.310804696093,3.01645615809495,9.43278219713924,294.574559959005
134,"Clothing","OutletY(&?",464.106343941532,4.47748443055596,7.69722927075146,311.879151735312
135,"Clothing","OutletY(&?",467.096116957833,3.1683197075647,9.45296070667799,260.082584280964
136,"Furniture","OutletY(&?",506.923647785302,2.89863255995149,10.7703191146629,346.466608983174
137,"Clothing","ShopZ@*\",509.690423370105,3.61821808710399,8.9107097753682,281.015541993215
138,"Clothing","OutletY(&?",529.003438776557,4.08104019695616,9.16696815393814,349.258528724432
139,"Clothing","ShopZ@*\",425.332105895374,3.67421641761792,10.7386392280179,218.539084638618
140,"Groceries","BrandA\(#",415.310361117968,3.72035650236119,8.54571446317208,291.88826673352
141,"Furniture","RetailX?&*",619.707766374608,4.16660248752889,12.447348254397,317.28873654611
142,"Furniture","RetailX?&*",445.137263889668,3.47054953925577,NA,275.390453781232
143,"Clothing","BrandA\(#",530.304569522545,3.95707522711976,11.0987391515716,276.065661508936
144,"Electronics","OutletY(&?",494.302946619667,4.2489664964647,9.92329999348657,377.815236042121
145,"Clothing","ShopZ@*\",404.215060784933,NA,7.53838926334193,305.171035342064
146,"Clothing","ShopZ@*\",559.106190941151,4.2397259406201,10.749647751801,363.114917963084
147,"Clothing","OutletY(&?",517.310487349295,4.85738149608338,10.0017250406524,248.785044431672
148,"Groceries","RetailX?&*",639.978335621251,NA,12.4798973166526,295.049827047546
149,"Furniture","BrandA\(#",511.745958462699,3.99837943658732,9.483220295657,275.871656768233
150,"Clothing","OutletY(&?",466.845424179915,2.8717325718753,10.4110100070392,370.660161073733
151,"Groceries","ShopZ@*\",527.829491330536,3.38767072403468,10.6504119822702,396.386409120095
152,"Clothing","RetailX?&*",381.440835096466,3.84051868813089,6.85574987244108,325.036656391954
153,"Groceries","BrandA\(#",416.41059466064,4.35613522792689,8.91946062816123,303.315543755634
154,"Furniture","ShopZ@*\",551.027325113943,3.83874321341091,11.370774980957,368.31249014941
155,"Electronics","OutletY(&?",466.687909877605,4.27182431062742,9.1961786163692,356.557327226703
156,"Groceries","RetailX?&*",493.403905364754,3.46809432408063,10.2689599743351,297.158980926482
157,"Groceries","OutletY(&?",488.477829057805,3.86293514132472,8.86317758587166,352.511428957273
158,"Groceries","RetailX?&*",434.948738122547,4.10850301623857,8.50013450988887,305.285686769874
159,"Electronics","OutletY(&?",298.131134091758,3.82030714091719,4.96346797750794,237.800507486112
160,"Groceries","OutletY(&?",534.883497017659,4.05641584749158,9.51385950592959,309.249317592271
161,"Groceries","OutletY(&?",576.163950764686,3.66462598697337,11.191880365112,277.618308724651
162,"Clothing","RetailX?&*",371.128376464987,4.18717261162975,7.59059233054823,393.495921144339
163,"Clothing","RetailX?&*",648.240271845861,NA,12.0517999062337,280.838819645366
164,"Clothing","RetailX?&*",538.515482368723,3.97647532667344,10.59525151909,347.038129117784
165,"Groceries","BrandA\(#",634.164029499387,3.02560645677693,10.8528344691015,300.057018969901
166,"Furniture","BrandA\(#",404.282952875771,3.66316570936063,7.6389218055807,366.517551836734
167,"Groceries","ShopZ@*\",516.678128835425,3.25517795755088,NA,346.53621736557
168,"Groceries","BrandA\(#",489.998604106119,3.19714097118985,8.64855618444266,267.562153622245
169,"Clothing","BrandA\(#",576.850743188178,3.75305844957738,10.3440828437169,314.102879773607
170,"Electronics","ShopZ@*\",442.414043208731,3.9196008161272,8.62841940566752,373.865253642782
171,"Clothing","BrandA\(#",498.990232804754,4.14180011290031,10.5144753890782,325.139142907665
172,"Furniture","OutletY(&?",322.134085125606,4.54563132515016,7.6787908680324,297.68195446918
173,"Furniture","OutletY(&?",422.23785571295,4.22220014846129,11.0984978428628,323.516732662921
174,"Furniture","RetailX?&*",512.503388366511,4.50603517037924,11.050961005405,294.151044795974
175,"Electronics","ShopZ@*\",429.367850761178,3.73684485618273,9.25881054177722,336.704634182413
176,"Groceries","ShopZ@*\",495.643051418852,3.84607991340561,11.940785145443,315.658347161397
177,"Groceries","RetailX?&*",453.207402607478,4.54258444221313,8.7632237482801,234.206728657256
178,"Furniture","RetailX?&*",560.693013616149,4.00060359196905,11.0005108668123,298.963516028122
179,"Furniture","BrandA\(#",616.848830874956,3.15987764215831,12.5902467671116,283.166854763331
180,"Clothing","OutletY(&?",417.749858719248,3.57672224045394,6.93490912954443,355.821836932139
181,"Furniture","ShopZ@*\",469.296344140527,4.50379602991637,NA,242.416533156963
182,"Electronics","ShopZ@*\",643.976125836974,3.69463137116127,14.6863118907778,513.3846156446
183,"Groceries","BrandA\(#",280.107674581629,4.16672206638856,5.0271577491222,323.383766482368
184,"Electronics","OutletY(&?",468.016220825926,4.00711134784032,NA,390.244430560008
185,"Groceries","ShopZ@*\",706.470428414334,3.75182119632517,13.1364528022972,322.645517805835
186,"Clothing","BrandA\(#",719.359006906426,3.82460680379681,14.5312527347945,367.639132525743
187,"Clothing","BrandA\(#",515.659532335015,4.19586027392905,10.904331169136,345.09778438525
188,"Electronics","OutletY(&?",413.639104938636,4.10478941444612,8.04417086089931,322.204679629616
189,"Groceries","RetailX?&*",516.545741949044,4.61733506994958,10.3456195325283,346.526249717341
190,"Clothing","BrandA\(#",434.722560405298,3.90009010778253,9.6458441230347,270.561167958052
191,"Furniture","BrandA\(#",645.281728229148,3.53839597898666,NA,355.25437790227
192,"Electronics","BrandA\(#",419.351734429695,4.08295155078972,7.8256912164169,336.969374567593
193,"Groceries","OutletY(&?",537.291159520875,4.35266727662209,10.685213108971,297.510597992715
194,"Furniture","BrandA\(#",561.985007456869,5.1409834778635,10.3973738030894,353.396857917329
195,"Furniture","BrandA\(#",424.248983930415,3.76815849344813,8.58686776224783,286.605123890456
196,"Groceries","BrandA\(#",585.152468150618,3.83682321404587,10.805123578864,350.550279954117
197,"Groceries","ShopZ@*\",425.207002908369,4.44124660519897,9.89806550344406,184.678272490482
198,"Furniture","ShopZ@*\",563.023982965398,4.64064306325223,8.773955754927,247.430386043084
199,"Electronics","OutletY(&?",609.666163310355,3.67065907169751,12.5946174020178,480.966012799084
200,"Furniture","BrandA\(#",401.155707761679,4.33228522747221,7.53508693227268,274.467016513589
201,"Clothing","OutletY(&?",610.79950409796,3.71742124297883,14.203138890109,166.602088170391
202,"Clothing","BrandA\(#",451.046712878759,3.51891086487888,8.78647082688787,258.238468781121
203,"Furniture","ShopZ@*\",529.435338843697,4.31168045095013,11.0705441372733,380.697929289673
204,"Electronics","OutletY(&?",520.183747228877,4.05324888610054,10.7905689137819,430.294388929725
205,"Furniture","OutletY(&?",457.28036136618,4.19466543907111,NA,308.346902058003
206,"Furniture","OutletY(&?",526.810286999779,3.70974825163902,11.0543255753462,275.305067738813
207,"Clothing","RetailX?&*",376.956907457616,4.89748897796338,9.53655188303641,300.915800087957
208,"Groceries","RetailX?&*",486.386312781504,4.33264400452385,10.6552350793107,291.131752615154
209,"Furniture","OutletY(&?",582.579083166517,NA,11.8480058122079,293.204288092912
210,"Furniture","OutletY(&?",282.587535077069,4.35137446550523,7.44201692052881,293.87459224151
211,"Furniture","ShopZ@*\",351.207381264175,3.39274280805316,7.60734537447345,191.150320528753
212,"Groceries","ShopZ@*\",383.806244240303,3.93112493652539,8.32645848390771,300.027979231256
213,"Electronics","RetailX?&*",341.091030585457,4.70167894934026,8.06685076032764,301.507954392328
214,"Furniture","OutletY(&?",541.958303929636,3.90558034419783,11.0002727046127,320.616834379231
215,"Furniture","ShopZ@*\",400.707165024399,4.45524518599778,8.73963399194562,368.361958646324
216,"Furniture","OutletY(&?",283.545291467103,3.88903899990504,5.39642561120979,301.838007009942
217,"Clothing","OutletY(&?",436.243123491955,2.85098679984689,8.84969853523525,313.538594799593
218,"Electronics","ShopZ@*\",460.936474852519,3.55989372721695,9.25837212437785,363.064727593171
219,"Clothing","BrandA\(#",585.678547377811,4.11136784451748,11.0738379100239,304.978734046283
220,"Groceries","RetailX?&*",389.624786400117,4.723276355467,9.8271489469322,222.227406082117
221,"Furniture","OutletY(&?",616.12892557387,3.70329893749958,11.7636809120886,399.92446525117
222,"Groceries","RetailX?&*",539.83627156286,4.13798950569128,10.4409460205852,282.14887155761
223,"Electronics","RetailX?&*",536.235215763554,3.51759035526022,12.0491217056285,413.118022907965
224,"Groceries","RetailX?&*",414.74743296855,3.4917718793331,8.27432643014202,322.066789921498
225,"Furniture","OutletY(&?",695.366787989804,3.61134167829159,15.0754621869853,234.625350912264
226,"Clothing","BrandA\(#",483.572916790284,NA,9.06410121489088,323.344042869983
227,"Electronics","BrandA\(#",317.510241582167,4.47015504495545,6.3373631723379,249.381630925246
228,"Electronics","RetailX?&*",479.61435286075,4.29683257865885,9.34135017878859,396.445828437107
229,"Clothing","RetailX?&*",306.555592926795,4.55773127671824,5.16199821812924,269.059745455866
230,"Groceries","OutletY(&?",468.948988421333,3.78778750163325,9.07566781505964,266.00313042377
231,"Electronics","BrandA\(#",457.777299681038,4.37978846844656,8.50027885395558,368.149259900234
232,"Clothing","OutletY(&?",568.182969040341,4.10481463893577,12.2211067057539,318.321364287346
233,"Clothing","ShopZ@*\",600.949618573749,3.47544953759359,11.7280087884514,287.554666775228
234,"Electronics","BrandA\(#",427.389503509885,3.58446888885913,8.46500886575339,334.604870109282
235,"Furniture","ShopZ@*\",580.610886837503,NA,10.7843730439452,309.700287771743
236,"Furniture","ShopZ@*\",642.432310966876,4.10281503074827,13.0638452249485,297.562310905996
237,"Furniture","RetailX?&*",421.585599515735,3.83932079066951,6.81977563341108,347.975023993647
238,"Clothing","ShopZ@*\",434.759563350067,3.50175437810673,5.74531948271811,268.395803204626
239,"Furniture","ShopZ@*\",565.077836315368,2.95455402975542,13.1816630695732,293.846626299131
240,"Electronics","OutletY(&?",518.304796994394,4.21261773972055,NA,399.595627071616
241,"Electronics","ShopZ@*\",554.877496044428,3.85236414543145,11.732278554949,444.99309841417
242,"Clothing","BrandA\(#",640.468429454756,4.27458044159064,10.5728603232921,315.862571118013
243,"Electronics","ShopZ@*\",538.70831195764,3.22705409337492,11.45129535618,416.510020357147
244,"Furniture","BrandA\(#",605.170127017537,3.37333203234378,NA,277.555475005583
245,"Groceries","ShopZ@*\",562.290546233719,3.94433406266402,11.1681558832744,264.516196848563
246,"Electronics","BrandA\(#",543.362038980885,3.29359323218415,11.6922795422715,445.216103218823
247,"Electronics","BrandA\(#",538.608443818441,3.00852307463964,11.892737907075,445.107685495146
248,"Furniture","RetailX?&*",629.132330445808,4.39179770391678,12.4604830097292,286.798965473964
249,"Furniture","RetailX?&*",399.774012628935,4.45043466987477,9.94081733023752,362.63934045229
250,"Clothing","BrandA\(#",389.481727084251,3.48501817899775,8.77799724118482,302.685384204931
251,"Electronics","BrandA\(#",559.194600339721,3.8639713657167,12.4082773880802,456.330886376291
252,"Furniture","BrandA\(#",488.031033586689,3.43301354741437,9.44550305690114,269.888185561771
253,"Clothing","ShopZ@*\",507.400521168496,4.15821345837649,10.0168875677084,328.930130011566
254,"Electronics","BrandA\(#",574.12773771714,3.985160849499,10.5599693318889,448.604002681103
255,"Electronics","BrandA\(#",575.329504784908,3.56526977452032,11.9139591811785,507.01418028158
256,"Electronics","RetailX?&*",473.732949663822,3.61289122805191,9.73867042765695,367.05959855256
257,"Groceries","BrandA\(#",468.74561310029,3.4689594032859,9.46619581594746,338.886378681033
258,"Groceries","BrandA\(#",507.359860900787,4.21818713109627,9.46650978914999,299.613408427984
259,"Clothing","ShopZ@*\",606.301778929474,4.28550442390705,11.8940660834585,348.425117456148
260,"Electronics","RetailX?&*",542.6020486679,4.18823744720794,12.8371527561226,445.940657291512
261,"Furniture","OutletY(&?",643.300751082319,3.57855515129201,11.9368556645412,299.523133983317
262,"Clothing","OutletY(&?",499.236312958003,3.10691518588236,9.57863602653386,294.359500623111
263,"Furniture","ShopZ@*\",612.566760522075,4.26543783157724,10.847902656629,236.166439440298
264,"Groceries","RetailX?&*",588.300231101725,3.91147052630284,10.5252755544586,267.569970049042
265,"Clothing","OutletY(&?",561.208346090007,3.98030382501425,10.937401720365,286.834621851019
266,"Groceries","ShopZ@*\",541.470070677846,NA,10.4381141117699,346.781715453462
267,"Clothing","BrandA\(#",472.011760285748,3.5532420827992,8.82333364148239,339.565950952324
268,"Groceries","OutletY(&?",489.096249083077,4.57200766284251,9.00808067212865,259.686249361174
269,"Electronics","RetailX?&*",522.939549570847,3.79340425239354,10.262164068198,417.04647414487
270,"Electronics","OutletY(&?",504.888889067929,3.64340608912199,11.231798324479,449.475195742121
271,"Electronics","RetailX?&*",594.322446838622,3.89712692809122,11.5286477512458,482.330149923591
272,"Electronics","RetailX?&*",489.068287681357,4.19500986442142,8.49816189000403,384.19277533786
273,"Groceries","RetailX?&*",492.962307841217,3.89639217737214,8.79019435232366,313.88279797873
274,"Clothing","RetailX?&*",451.568091243434,3.54974638972607,7.02701417579754,274.914838829615
275,"Electronics","OutletY(&?",486.166367145667,3.85918786060461,8.01281102069527,364.634536031904
276,"Clothing","BrandA\(#",493.123435769616,2.72903444943101,9.11504853262935,280.324127443694
277,"Electronics","ShopZ@*\",268.626422610059,3.74574415906378,4.39611299096679,226.134738392974
278,"Groceries","RetailX?&*",363.516830278568,4.22798310876951,6.12131049497025,294.511661123847
279,"Groceries","ShopZ@*\",492.751309004804,3.91537011273396,11.8442698339035,288.843951689742
280,"Electronics","RetailX?&*",473.47162251355,4.34416386113061,11.2205635329695,363.824188721471
281,"Furniture","BrandA\(#",379.913067179256,4.24299121698723,10.1626706441981,241.55920298961
282,"Clothing","ShopZ@*\",300.846182395698,4.32282337317779,6.7934195494553,337.559826359995
283,"Groceries","RetailX?&*",464.563078008657,4.32802247251274,9.13001301533388,335.969805149142
284,"Electronics","OutletY(&?",565.349576569428,3.13070961931287,10.2637308369379,464.582706021837
285,"Groceries","ShopZ@*\",677.323863192756,4.00207984000922,12.4457110017189,302.96669229672
286,"Clothing","RetailX?&*",496.154320629066,4.81503366730341,9.42621246511054,274.748076095789
287,"Furniture","ShopZ@*\",649.318484062772,3.75975738647779,14.2668906078519,334.494586571369
288,"Furniture","ShopZ@*\",508.302215763597,4.22640122121028,10.8325148776111,217.061061333885
289,"Electronics","RetailX?&*",511.553210425956,4.07169686548997,11.1205644057914,376.673188347042
290,"Furniture","OutletY(&?",532.482531334875,4.27850611259401,10.4625291989609,331.171082758284
291,"Electronics","RetailX?&*",412.942275473908,3.86398494141474,6.70520916655225,342.569224423893
292,"Electronics","OutletY(&?",494.828178710512,3.675850351742,10.2229662459898,394.747010435036
293,"Electronics","OutletY(&?",590.844769879225,4.03598042218282,11.60228342552,489.616201536573
294,"Electronics","RetailX?&*",425.027421314781,4.10390741535171,8.19659011914629,368.68543187718
295,"Groceries","ShopZ@*\",467.839393011204,3.90733385515807,11.5409610886164,297.124038223571
296,"Clothing","BrandA\(#",385.222924954075,4.01572033251322,8.57414978230004,337.902112595771
297,"Clothing","OutletY(&?",535.435219644936,NA,10.4802981892114,294.280594649315
298,"Clothing","BrandA\(#",542.479978238902,3.61190805476877,NA,271.299085828522
299,"Groceries","BrandA\(#",564.834735122408,4.56983882859903,11.0100532317244,394.496962263193
300,"Electronics","OutletY(&?",378.01899684831,5.10038013537329,NA,303.46298512769
301,"Clothing","ShopZ@*\",510.723503475476,4.73860266436742,10.5872910622238,344.043892159068
302,"Clothing","BrandA\(#",405.594230835015,3.77279107464622,8.38399198471583,337.220816882964
303,"Electronics","RetailX?&*",499.961535128398,3.08855636548378,11.044324341696,400.754072839663
304,"Clothing","ShopZ@*\",634.262392000608,4.0270989785548,12.5162378527973,383.121817918787
305,"Electronics","BrandA\(#",449.647471306572,4.44013661030203,8.64714740091469,362.492569078919
306,"Electronics","RetailX?&*",571.668332093883,4.38905334896783,11.1794005082087,427.569130352312
307,"Clothing","RetailX?&*",425.033141591631,3.38512661264413,NA,358.35608995224
308,"Groceries","ShopZ@*\",452.147178954969,3.44342574462829,8.77359544813507,222.127088027901
309,"Electronics","RetailX?&*",543.872175058662,4.06687231743882,11.6377446436123,454.538125598764
310,"Groceries","OutletY(&?",432.088772954213,4.31304067268843,7.41359183972566,309.872475773329
311,"Furniture","RetailX?&*",329.703516485456,4.43646583192773,5.32300530832711,336.973666038135
312,"Electronics","ShopZ@*\",626.516843521333,4.40819598946948,12.6577204787331,461.753200600567
313,"Clothing","RetailX?&*",536.035723787985,3.51601225401676,11.4810976337477,266.72245405072
314,"Electronics","OutletY(&?",441.636055943991,3.34369747190001,8.42506820285762,375.082277120206
315,"Furniture","OutletY(&?",300.59212126694,2.99374011102036,5.43442108042075,340.714780678982
316,"Clothing","OutletY(&?",690.22097713993,4.25246634886391,10.9650433758897,344.419201316688
317,"Clothing","BrandA\(#",839.037082127154,4.41405578288471,17.155062516764,244.316413325671
318,"Clothing","ShopZ@*\",520.748040735546,4.16792534441252,9.5121058359681,238.405415284223
319,"Groceries","BrandA\(#",584.980664751119,3.47043777699434,12.1021882012054,246.267008950534
320,"Electronics","ShopZ@*\",622.456031207416,4.78385837497467,13.8763323471017,511.690515755823
321,"Electronics","ShopZ@*\",429.819556646139,3.8149266878183,8.10047208699545,313.985237864067
322,"Furniture","RetailX?&*",464.880377044346,4.88951918074785,9.9943329224408,416.379594213907
323,"Electronics","OutletY(&?",327.28789633548,4.27570100254029,6.39321215341197,262.758714686395
324,"Electronics","ShopZ@*\",426.342176772813,4.59515532254276,8.89544817116791,350.682447160836
325,"Furniture","ShopZ@*\",562.240978288611,4.1653011131472,10.0890201804927,273.602990025028
326,"Groceries","RetailX?&*",470.928401075913,3.96767388595006,9.83639161644636,273.247176314961
327,"Electronics","OutletY(&?",478.578846581692,3.49372596581339,10.8765384760828,389.018476057654
328,"Clothing","ShopZ@*\",488.744044849748,3.72074290490432,11.5715927526161,245.292642270776
329,"Electronics","BrandA\(#",313.63330175044,3.97644608186179,5.08528538015171,243.287929611742
330,"Clothing","RetailX?&*",583.762993423167,4.14103703399252,NA,140.540694678249
331,"Furniture","RetailX?&*",355.650711106458,3.98339039383445,6.60499005136341,241.527787906661
332,"Clothing","BrandA\(#",479.142983758435,3.91101400545329,10.1055803032724,349.578174992337
333,"Electronics","BrandA\(#",456.143653794117,4.09174275847103,8.94440921342591,391.90977785821
334,"Electronics","ShopZ@*\",478.14061831438,3.73781397870124,9.3147791006861,380.881347399981
335,"Electronics","ShopZ@*\",645.996594473579,3.73203127183025,13.6020313862113,517.314737620565
336,"Electronics","ShopZ@*\",441.794008208463,3.27214764917199,NA,335.437792425478
337,"Furniture","OutletY(&?",421.69024042881,4.423135735134,8.71288184636228,285.127816128993
338,"Groceries","RetailX?&*",348.034600505615,4.02346618400076,7.42474139215859,329.367740652477
339,"Electronics","ShopZ@*\",419.430191838875,3.95818788328633,8.76706424931079,299.555363132254
340,"Electronics","ShopZ@*\",383.381529263226,3.62954069261254,7.94600458681752,287.295385969797
341,"Electronics","RetailX?&*",540.79461962483,3.8761130680488,10.9071225526035,427.86271388808
342,"Clothing","ShopZ@*\",413.699575399212,NA,9.18960173374907,362.200390274798
343,"Clothing","BrandA\(#",530.404203502814,3.47535132382363,11.3179833623116,274.118313278473
344,"Groceries","ShopZ@*\",485.357251215208,3.0405241141467,10.5010778628762,442.996831691974
345,"Clothing","ShopZ@*\",356.64378200892,NA,8.23984413867249,291.913563246825
346,"Groceries","ShopZ@*\",420.93922142773,4.06298204107265,8.96812176156916,306.306324690287
347,"Electronics","RetailX?&*",588.511245505768,NA,11.6172265814207,519.110124265786
348,"Electronics","RetailX?&*",590.307608595457,4.58189330187295,10.7166817486639,470.537331883741
349,"Furniture","BrandA\(#",700.557327430063,4.31229584168456,13.5231140947997,309.443974004758
350,"Electronics","BrandA\(#",499.641969160022,4.37119113729233,9.12288446589964,409.437232625615
351,"Electronics","ShopZ@*\",350.417318601786,3.88711471652859,6.70983778506047,278.812935313956
352,"Electronics","RetailX?&*",423.158297298484,3.78856399670717,7.93787137332929,300.108936839768
353,"Furniture","OutletY(&?",540.848850484015,3.95097354899675,10.6202911938033,341.293318848655
354,"Groceries","OutletY(&?",690.013633489472,4.20234532811879,12.7763727515152,240.505631109925
355,"Electronics","ShopZ@*\",511.000912343972,4.39995730332056,9.59771613030549,386.596586200309
356,"Furniture","ShopZ@*\",614.038682512847,4.79473457497846,12.6363608073349,345.631108367855
357,"Electronics","OutletY(&?",576.808130469226,3.74546479793136,11.7497685628871,453.18799467638
358,"Groceries","BrandA\(#",383.190837788267,NA,7.25974707419319,277.930019570363
359,"Groceries","RetailX?&*",482.888734773514,4.05042933280521,10.6705970275213,279.851952362615
360,"Furniture","ShopZ@*\",630.526153634768,5.51105209264519,10.9693936313623,196.884864091857
361,"Clothing","BrandA\(#",587.609610959591,3.78569207745815,12.2349508277522,289.871756190083
362,"Electronics","ShopZ@*\",546.37961415678,4.57284060889238,12.4974228502562,452.965687308524
363,"Electronics","RetailX?&*",547.711424537688,3.87845089520745,10.5463807325051,438.93787645967
364,"Electronics","RetailX?&*",450.85946997906,3.76072838111806,9.40477431762204,357.324316146887
365,"Clothing","ShopZ@*\",368.06146866558,3.64479143889622,6.80294136998732,280.346225347132
366,"Electronics","BrandA\(#",629.542579083131,3.8943776861412,12.5688365454225,521.472036596861
367,"Clothing","BrandA\(#",357.978050833307,4.82089223543772,7.97516447878854,305.246270362862
368,"Electronics","OutletY(&?",406.110408029417,4.15092336028172,7.20819367919478,325.277176092896
369,"Furniture","ShopZ@*\",562.896499251984,4.24366456160764,10.7031091872905,286.089877422613
370,"Electronics","OutletY(&?",373.78054506104,4.41936789621613,8.00783424860565,298.964571805363
371,"Groceries","OutletY(&?",444.812958672721,5.035870756443,9.31196886317887,277.618273057491
372,"Groceries","OutletY(&?",381.720049321752,4.38780942103977,NA,233.232165010557
373,"Clothing","ShopZ@*\",562.066355772895,3.28644432352403,12.4940753123544,221.760925699289
374,"Clothing","RetailX?&*",544.63130166381,3.48324433226693,11.6624787750577,290.026022144643
375,"Electronics","OutletY(&?",542.188469327369,3.20527244320409,9.76613677933419,416.321376600139
376,"Groceries","ShopZ@*\",544.246477214564,2.57572661505311,11.0387109108352,352.478436017733
377,"Furniture","ShopZ@*\",555.724574637894,4.6453669638963,10.7154040725089,290.6404284209
378,"Electronics","ShopZ@*\",563.935649197052,3.7531380628588,11.2728554858282,459.100691216868
379,"Electronics","BrandA\(#",303.133844332578,4.19748533885301,6.9800392420407,248.676981317424
380,"Clothing","OutletY(&?",485.118363864013,4.59080892657196,9.9785227211496,288.00310083422
381,"Electronics","BrandA\(#",511.24638125519,3.74408365270976,10.3801159853127,395.463593076794
382,"Clothing","ShopZ@*\",572.467620264776,3.93251617566889,11.3292376598977,229.848174548826
383,"Clothing","BrandA\(#",381.251392399472,4.17512808976223,8.02204635284641,254.352417498575
384,"Clothing","BrandA\(#",450.039981018409,NA,7.82217443181003,256.340422265536
385,"Clothing","ShopZ@*\",392.635700924884,3.61284237520595,7.43116599449057,341.359658892139
386,"Furniture","RetailX?&*",605.724021270968,NA,13.7310564614622,327.90134412571
387,"Furniture","RetailX?&*",627.907258320933,NA,13.1742680097164,334.721247498755
388,"Furniture","BrandA\(#",578.767672535923,3.85577535203925,10.6135594239537,370.2910765367
389,"Furniture","RetailX?&*",377.759661742301,3.3888095445705,6.32663657549675,283.930270474708
390,"Groceries","OutletY(&?",545.195211673665,4.31666679778429,9.94457397988402,359.152845507563
391,"Furniture","ShopZ@*\",615.044918638092,4.7137598279575,12.8810552293251,286.71326631992
392,"Groceries","BrandA\(#",516.794098073646,4.69025874669468,10.7690409260555,357.808993422098
393,"Groceries","BrandA\(#",443.389066710403,4.43631728339767,8.29919903106694,237.347698795247
394,"Groceries","BrandA\(#",391.388175938865,3.75843246567386,7.45907917787837,269.789851957815
395,"Electronics","OutletY(&?",433.469720443984,3.73432654025473,9.6476224784053,331.255634245374
396,"Groceries","BrandA\(#",571.484835594934,3.70615762170705,11.1226231019327,382.872817393642
397,"Groceries","OutletY(&?",456.833889961807,NA,9.07826851939098,298.056120808275
398,"Groceries","BrandA\(#",522.761493994009,4.35459281062669,NA,283.435427390796
399,"Furniture","BrandA\(#",629.494579567031,4.12819837676783,12.4075639608317,331.303342041091
400,"Clothing","RetailX?&*",557.833494046945,3.0718197068476,10.4216434765361,293.967820769907
401,"Groceries","RetailX?&*",636.467278147354,3.06970618509277,12.3164042877907,300.681284919225
402,"Groceries","RetailX?&*",329.842019733959,3.98858295313282,5.5158399594805,312.610674222343
403,"Groceries","OutletY(&?",471.932372028621,4.07496937364052,9.90796005658009,354.47530699739
404,"Electronics","ShopZ@*\",506.506801949219,2.84626282898235,11.4621761615019,397.467599900749
405,"Electronics","RetailX?&*",557.858929160852,3.59177638709395,11.4014412190861,458.491220485062
406,"Groceries","OutletY(&?",383.079337847103,4.01378057584834,8.4743159831359,330.015982320599
407,"Clothing","RetailX?&*",580.618485544729,4.73089295758824,NA,192.812104986099
408,"Groceries","RetailX?&*",530.739007616233,2.99356563583886,10.4744713760611,364.77215768415
409,"Clothing","BrandA\(#",526.380601360472,3.37227786100901,10.3914998706158,267.570014949342
410,"Electronics","RetailX?&*",550.848479160505,3.45984657639089,9.58632895811088,445.287562225644
411,"Furniture","OutletY(&?",488.364156012301,4.08769803932443,9.8561760627771,308.378816861913
412,"Clothing","ShopZ@*\",592.554609849911,4.16541961070713,12.3303294559672,411.688870679577
413,"Clothing","OutletY(&?",564.822977373149,3.8396553843498,11.9798660030018,266.385903351758
414,"Clothing","BrandA\(#",484.97906258323,3.19383565602501,11.0152352924393,225.269184047746
415,"Furniture","ShopZ@*\",604.03770193407,3.68472379156784,10.6081046019039,293.341995076787
416,"Electronics","ShopZ@*\",529.255868494618,3.71975700667206,11.202768828913,448.659927355063
417,"Furniture","ShopZ@*\",566.875139943946,3.89870935779149,12.0545768717115,286.144485605042
418,"Electronics","BrandA\(#",440.582235837578,4.81144259056584,8.60161890872678,359.139321366347
419,"Electronics","OutletY(&?",658.043183698592,3.661614734781,13.7633230067205,534.864607137647
420,"Groceries","ShopZ@*\",499.601105565002,4.03813220256935,8.57748963655833,214.308158012162
421,"Groceries","RetailX?&*",584.784276889348,3.64730082918654,11.9100802117277,330.003698767228
422,"Electronics","OutletY(&?",489.988347410731,3.37988607547804,6.6706787568229,404.112480274751
423,"Electronics","BrandA\(#",472.03700930194,4.3179739489343,9.75279848918427,390.385837992008
424,"Groceries","ShopZ@*\",578.443824528001,3.47468566017363,13.1704399455644,412.250510632149
425,"Electronics","RetailX?&*",341.538335540883,5.3676045948111,8.37275373852589,287.63965691432
426,"Groceries","RetailX?&*",547.836614779403,4.04628146891361,8.29706291585217,340.53894502437
427,"Furniture","ShopZ@*\",539.356637299481,4.03012678803934,11.3221595886738,250.51711233521
428,"Clothing","ShopZ@*\",230.467063087548,3.96672739449457,4.25962026740398,321.508886246894
429,"Electronics","ShopZ@*\",536.837732853326,4.92182277002003,10.7117465989701,433.345605127405
430,"Electronics","BrandA\(#",283.158225265299,4.3319635552018,3.44703104959249,227.175862449363
431,"Groceries","BrandA\(#",565.980437689272,3.87450467812602,11.7046492549606,327.897382849764
432,"Furniture","OutletY(&?",454.608626661881,3.41690509669458,8.56545184549474,224.785231513933
433,"Clothing","ShopZ@*\",430.506317476511,3.48063611964128,8.98401583842908,369.526388451449
434,"Groceries","ShopZ@*\",499.315369682733,3.60750534733134,9.79508919329805,414.131800313412
435,"Clothing","BrandA\(#",637.305204498399,4.60747421548915,11.7206665345957,277.939970961005
436,"Electronics","ShopZ@*\",436.467692278211,3.90550921211455,NA,329.532484510906
437,"Clothing","OutletY(&?",555.810329394878,3.62140068866009,11.7112756592087,402.6930575884
438,"Groceries","OutletY(&?",534.115786842188,4.39602973894014,NA,255.897045135022
439,"Clothing","RetailX?&*",382.048137085844,4.67259000951109,8.20806432915497,302.356323970529
440,"Groceries","ShopZ@*\",325.897798266603,NA,6.05394533659608,415.431731811481
441,"Groceries","OutletY(&?",300.741422876086,NA,7.2996292725817,253.736976531446
442,"Electronics","ShopZ@*\",555.127421146789,4.17264209336189,10.7445761411301,430.251416491025
443,"Clothing","BrandA\(#",496.52579384687,3.99757778173202,9.35086398709146,323.675050512671
444,"Furniture","BrandA\(#",685.057170361062,4.20318323574239,14.7427361897019,281.843527153095
445,"Electronics","BrandA\(#",557.367510826305,4.85709926288572,12.262232397604,447.667631243665
446,"Clothing","BrandA\(#",584.969589108261,3.96980672293952,12.3800474192663,283.390395405304
447,"Clothing","RetailX?&*",633.438358533495,3.85964886623288,12.889273830596,338.019232953233
448,"Furniture","RetailX?&*",449.928090203503,4.24270723044723,10.5934477887182,274.521525739253
449,"Clothing","ShopZ@*\",551.009792822849,3.97532773513002,10.0095549625435,212.142383941625
450,"Furniture","ShopZ@*\",586.879327024415,4.31388253076639,12.8753565334298,340.659885890306
451,"Clothing","RetailX?&*",636.935168800303,3.88801442428987,14.453097210491,356.61636604419
452,"Electronics","BrandA\(#",576.265114632637,4.22176135720055,11.5799118667895,442.49517442035
453,"Furniture","OutletY(&?",542.114717303733,NA,11.4280163500201,258.493668051822
454,"Clothing","OutletY(&?",413.177595272878,4.0069518291517,8.8732540991002,275.870499363901
455,"Furniture","OutletY(&?",572.956036095769,3.74189200635816,12.6527027302258,234.140784325346
456,"Electronics","BrandA\(#",550.026587241829,3.40472871224124,10.1417213182158,417.112031023837
457,"Furniture","ShopZ@*\",563.425025370691,3.79346539608149,12.1642067007628,356.619672672637
458,"Clothing","RetailX?&*",542.364504557226,4.18599747271145,9.13834302497559,197.074273656898
459,"Electronics","BrandA\(#",479.816195529,4.04617148201023,11.6732274559701,399.620765550031
460,"Furniture","OutletY(&?",492.313410156599,4.34674188126056,9.27492844383653,280.791248597125
461,"Furniture","BrandA\(#",568.736411328152,4.47044962157677,11.0585372610763,233.7172222404
462,"Groceries","RetailX?&*",517.163150692454,4.41423201486393,10.6021481904989,288.374624521064
463,"Clothing","ShopZ@*\",416.989142567301,3.83775541176233,7.08947079114235,290.547435033121
464,"Electronics","BrandA\(#",470.984088019433,3.33592190097147,9.15678691715268,385.743903178313
465,"Groceries","OutletY(&?",368.087427582349,3.85983251504382,7.42323599211255,419.941661647506
466,"Clothing","RetailX?&*",403.296809733109,4.58482771825541,7.72596870648409,391.145449579962
467,"Furniture","OutletY(&?",485.538892986448,3.93926181754596,11.7370719210734,381.34957321143
468,"Groceries","OutletY(&?",320.186744362507,3.18135417447744,4.61697423629371,380.794317969394
469,"Clothing","OutletY(&?",331.145752540842,NA,6.51752663517493,346.436769835314
470,"Groceries","BrandA\(#",610.256519943608,4.14090965534669,13.3839776874655,277.274179133263
471,"Groceries","RetailX?&*",442.338107578856,3.79969832240391,8.01059734711358,308.558646230682
472,"Electronics","ShopZ@*\",314.830827044851,4.086680751428,6.15766541909104,243.778101100647
473,"Furniture","RetailX?&*",488.713676057103,4.68469383477267,11.7175584179152,261.108366207348
474,"Clothing","BrandA\(#",632.106926722151,4.64959804687842,10.7747929367926,256.348274260329
475,"Groceries","OutletY(&?",566.225429693464,3.77185155322727,10.5209107287112,245.491434880782
476,"Electronics","ShopZ@*\",544.138319835364,4.00533243092903,9.68435783412922,441.938243030587
477,"Electronics","ShopZ@*\",618.374591227984,3.27295542753288,NA,491.722166238926
478,"Groceries","OutletY(&?",422.849855889911,3.63612333701563,7.59086859483763,313.225352736559
479,"Clothing","OutletY(&?",572.968919135204,5.00412019873259,11.9271839856709,299.43366860088
480,"Groceries","BrandA\(#",441.291438422114,4.74900484275548,8.18002238623571,349.296764582826
481,"Clothing","RetailX?&*",500.076418636251,3.88537263735843,9.84900281306655,344.23188842992
482,"Clothing","BrandA\(#",721.446531934013,3.65376742734861,15.2851455180569,254.756906821042
483,"Clothing","BrandA\(#",596.943439570926,3.3166883514158,12.0758725450471,199.808782428278
484,"Furniture","BrandA\(#",576.800771371721,5.06302592688185,9.59530997346808,241.076278147353
485,"Electronics","ShopZ@*\",389.167208818184,4.05731486241924,7.24745670890246,329.107615867657
486,"Furniture","OutletY(&?",421.376408000529,3.70302554531644,NA,299.8378534067
487,"Clothing","ShopZ@*\",728.41164802616,4.53903366897563,16.428381280162,375.17029134318
488,"Electronics","RetailX?&*",390.669923602669,3.45020708357054,6.69857232707833,307.983313871641
489,"Furniture","RetailX?&*",521.447937528507,4.36328209880323,10.2003377144806,334.272233430373
490,"Furniture","RetailX?&*",589.257105963707,4.7204351511193,11.7035522394193,340.523914978523
491,"Electronics","OutletY(&?",601.875797234226,3.89491492018917,11.3049494573223,493.891242680359
492,"Furniture","OutletY(&?",608.911201091924,4.72564047194168,10.7955911987827,246.295841657045
493,"Electronics","OutletY(&?",483.687101011479,4.32077571570462,11.5125386205736,374.402147895223
494,"Furniture","ShopZ@*\",417.901330288,3.66059619056002,9.83636106517722,232.138468381816
495,"Clothing","RetailX?&*",469.274276701136,4.28715636817373,7.97869881741491,235.365109690756
496,"Clothing","OutletY(&?",409.790199146054,3.64774273685554,6.31183185079322,224.139634683525
497,"Furniture","OutletY(&?",562.706874311498,3.73300797138503,10.9767712586227,342.95880153719
498,"Groceries","BrandA\(#",612.035502842611,4.38719230330883,12.6711378620435,239.269123311176
499,"Groceries","BrandA\(#",712.721355249353,3.7621893023306,14.1256404369323,330.952769033188
500,"Electronics","OutletY(&?",536.611438293172,3.98778631055657,11.8614933612772,453.732817682094
501,"Clothing","BrandA\(#",412.521862280631,4.50950404814218,8.00390875260148,290.098604375741
502,"Furniture","BrandA\(#",602.447486299323,3.39720980220072,10.8834019101958,290.799616446183
503,"Furniture","ShopZ@*\",590.475889369531,4.79764693373602,13.329400080341,341.936876387799
504,"Clothing","RetailX?&*",476.175130409717,5.0209777299965,9.28947586438171,299.274622700575
505,"Groceries","OutletY(&?",344.214509612769,4.30724062502165,6.60031660521644,261.808338419732
506,"Groceries","RetailX?&*",576.130989539391,4.21096558706841,11.2594615066668,229.023082882455
507,"Groceries","BrandA\(#",612.914439564163,NA,12.3142930950415,304.665593474565
508,"Groceries","ShopZ@*\",470.489216929407,4.24548070641302,7.09112244892134,278.642474848356
509,"Clothing","BrandA\(#",553.624281835803,3.74900891519824,11.7557827687338,319.618373400501
510,"Electronics","OutletY(&?",472.410952524949,4.14408490912581,10.1694509492106,392.603552393881
511,"Furniture","ShopZ@*\",568.231524513751,3.65668699587944,11.9938756810859,364.901419790996
512,"Electronics","RetailX?&*",488.270928528515,4.39420189301525,9.35429295039376,403.731994261836
513,"Furniture","RetailX?&*",465.532413607994,4.34568442048184,9.40995669904074,356.820564622521
514,"Groceries","RetailX?&*",511.162049819721,4.62149950402566,NA,303.483720628273
515,"Furniture","ShopZ@*\",471.65946850177,4.99110485621458,9.79296972430587,340.795935049285
516,"Furniture","BrandA\(#",440.898283554571,3.67677908269043,8.00091031403664,287.634260779115
517,"Furniture","BrandA\(#",468.40630687576,4.48309464611367,10.6850190623738,292.318154665568
518,"Electronics","BrandA\(#",499.184784767447,3.2863662764524,NA,410.180646056474
519,"Clothing","RetailX?&*",520.749514071847,NA,8.35590489850148,244.486819140185
520,"Clothing","OutletY(&?",653.242362162584,4.47273334230423,13.2375064272146,239.720775763745
521,"Furniture","OutletY(&?",364.200216904652,3.63080542481547,5.65344820544718,285.466938771731
522,"Furniture","BrandA\(#",480.038094944706,4.17282034993895,8.67291527978481,229.917722831078
523,"Groceries","OutletY(&?",563.152312778083,NA,12.0670785457042,304.784129425395
524,"Clothing","RetailX?&*",676.202090344287,3.81482464794247,15.396373555525,339.915829924819
525,"Electronics","RetailX?&*",542.601436261549,NA,10.5893506352161,394.378571113101
526,"Furniture","RetailX?&*",498.62465835246,3.69384061679698,10.9441444647298,302.599452936123
527,"Groceries","OutletY(&?",469.244309040364,3.02707395509182,8.00752231911532,222.950885309859
528,"Electronics","ShopZ@*\",541.430816410829,4.12154816476379,12.5591176425004,431.352046811217
529,"Electronics","BrandA\(#",598.905792019639,4.23745004770226,11.9730286589376,468.48449374157
530,"Groceries","RetailX?&*",481.614168945395,4.06835728703057,8.8524031354884,376.525930613003
531,"Furniture","OutletY(&?",516.376140684656,3.75562613715584,10.7250667351087,302.090471803312
532,"Furniture","OutletY(&?",521.693634414438,4.45010182863022,9.62462375158163,392.992987389865
533,"Clothing","OutletY(&?",572.927763420966,4.53876783003071,11.508878298668,316.74433435655
534,"Electronics","ShopZ@*\",611.138040702469,2.81316457197504,12.3245328557712,490.011814313646
535,"Electronics","BrandA\(#",527.916081693963,4.56228741876456,11.7274451799425,423.847512960663
536,"Clothing","ShopZ@*\",492.382932845282,3.11022612642324,9.2810675630086,326.497465700202
537,"Clothing","BrandA\(#",639.466313220858,3.82772481878229,12.4139859760936,272.224001329265
538,"Clothing","ShopZ@*\",516.453411760558,3.44541344312036,10.4530617742073,335.112501213797
539,"Clothing","RetailX?&*",657.785197879348,3.68494710853845,14.0530784353203,331.543685389001
540,"Electronics","OutletY(&?",493.807734238045,4.65844188436212,11.7717516779343,371.38399168895
541,"Groceries","BrandA\(#",561.392296419369,4.26725669414204,12.8100323840578,282.176820953746
542,"Groceries","RetailX?&*",345.391140575476,4.24694904287094,7.8680781652927,297.488669971332
543,"Clothing","RetailX?&*",488.760803866259,2.96100378432759,7.87213910022072,343.9431404454
544,"Furniture","BrandA\(#",497.820546003911,4.09816267137078,10.9037356739535,356.234374261936
545,"Furniture","RetailX?&*",424.165458258345,4.31440157693695,9.23672953733992,314.894562217278
546,"Groceries","OutletY(&?",396.41071155777,4.43047357169681,7.23041710413358,259.656257218246
547,"Groceries","BrandA\(#",594.815930255181,3.51337632476239,NA,337.690644381572
548,"Furniture","RetailX?&*",591.415873392772,4.46877152601533,10.4591671229135,307.494667655134
549,"Furniture","ShopZ@*\",370.126800515354,3.30239711085237,7.38998903552747,356.868581588954
550,"Groceries","RetailX?&*",542.437879493434,4.86937150943817,10.939387605547,219.928697499655
551,"Clothing","ShopZ@*\",388.745468004491,3.60068285487823,6.02135889944525,262.791992324193
552,"Groceries","ShopZ@*\",394.892677381844,4.38251219338467,6.31651591466185,326.63282206689
553,"Furniture","RetailX?&*",552.541244826636,4.15895567256772,11.2253099739501,232.353250848539
554,"Furniture","RetailX?&*",431.397599990695,3.46819974119356,7.60106806144617,437.434558479646
555,"Furniture","RetailX?&*",599.347998212221,4.5721293280343,11.6877436418749,257.410147079432
556,"Groceries","BrandA\(#",503.852359907535,4.0166884213137,11.0847638842613,322.360535531374
557,"Clothing","ShopZ@*\",553.614897578572,4.40920388742392,10.6463867502881,213.601287249675
558,"Furniture","BrandA\(#",447.637330211384,4.1090960429111,9.07981091905462,410.252572256181
559,"Clothing","ShopZ@*\",384.877866505641,4.43424862620496,8.31332835469597,336.290771564115
560,"Furniture","RetailX?&*",591.475224100276,4.01084026044904,10.7048467709844,274.304645060293
561,"Groceries","RetailX?&*",523.807149156271,4.55761432484651,11.7188200050706,313.05658573007
562,"Clothing","OutletY(&?",476.093224054529,3.82390956754444,10.4388798383703,264.476141777422
563,"Furniture","RetailX?&*",506.923532654574,4.2636441591244,11.4114359460859,214.027574302363
564,"Groceries","RetailX?&*",632.590834259925,4.18928576112197,12.2256155822983,245.527059862406
565,"Furniture","ShopZ@*\",430.183336537993,4.42192988854919,7.1393471411585,254.429035582928
566,"Clothing","RetailX?&*",425.059155553682,3.68947875252157,9.01234606085452,357.067244816156
567,"Furniture","ShopZ@*\",438.038494729265,4.08884574893393,9.37930214636954,323.310439412349
568,"Furniture","ShopZ@*\",341.500873179013,3.70991746043408,9.37038608743671,281.480584598279
569,"Clothing","OutletY(&?",581.962813750374,4.45431891286672,13.3587492010574,287.187106926234
570,"Electronics","ShopZ@*\",519.236964674425,3.68165681026246,9.91985652897483,438.725839230673
571,"Clothing","BrandA\(#",520.717197421793,NA,9.4075666582429,249.789837276001
572,"Groceries","BrandA\(#",495.665264565231,4.39518580101956,10.5342942547485,329.970165134789
573,"Furniture","RetailX?&*",448.983955857589,3.99314601057308,10.9729216096952,253.281729413682
574,"Electronics","RetailX?&*",417.658138622378,4.60309823760291,NA,352.098047565029
575,"Electronics","BrandA\(#",585.185640329267,3.95770452993087,10.9232111979989,492.434812724722
576,"Furniture","BrandA\(#",357.381532707985,4.28163114081802,8.89532564206212,278.131190174918
577,"Groceries","ShopZ@*\",544.029894196541,NA,12.7177848660978,322.841484382318
578,"Furniture","ShopZ@*\",420.738834924232,NA,8.60933311293111,189.722155522124
579,"Clothing","BrandA\(#",528.231021454547,3.70161788514544,8.94439014485249,316.192266679573
580,"Electronics","RetailX?&*",425.930947780985,3.3745778611994,7.97604842819645,329.707268314769
581,"Electronics","BrandA\(#",447.665831731597,3.15919964511308,10.120735475107,385.817110318171
582,"Furniture","BrandA\(#",676.936591702701,3.77185182049936,15.6924654089313,360.816706679737
583,"Groceries","RetailX?&*",566.828261893351,4.34139659610123,11.3206886976945,252.321878776681
584,"Groceries","OutletY(&?",285.510297572434,3.88048125824859,5.07876081748468,369.968780338156
585,"Furniture","RetailX?&*",512.641241610032,3.39832453326603,NA,251.966154403624
586,"Groceries","OutletY(&?",454.818706374277,5.07823880097504,9.24125273137763,218.251772024427
587,"Electronics","RetailX?&*",386.337381222233,NA,6.81741231825413,304.714580101179
588,"Clothing","BrandA\(#",520.978589043119,4.97330905013282,11.0114559545816,340.821912785196
589,"Clothing","RetailX?&*",512.996551601936,4.60651817686064,11.65037533983,338.173745272293
590,"Groceries","RetailX?&*",467.149342743192,3.69431044081774,9.35610728214928,331.560847832027
591,"Groceries","BrandA\(#",697.270356733745,3.79403939837661,14.5711573352348,289.564417240645
592,"Furniture","OutletY(&?",275.130993318344,3.27965951086514,5.75470489956422,350.43389054504
593,"Groceries","ShopZ@*\",583.821938727849,4.37023672655484,12.1380048683678,371.798385208181
594,"Furniture","RetailX?&*",471.097672953743,4.81182962611367,9.208330368665,221.915547391527
595,"Groceries","BrandA\(#",565.651341057938,3.5397575609637,12.5109028790724,242.848681947297
596,"Clothing","RetailX?&*",454.600229936132,3.39890117659041,9.32380773216455,263.870170336974
597,"Electronics","ShopZ@*\",440.61354375549,4.44133903418224,8.30942942315906,377.493936116083
598,"Groceries","OutletY(&?",328.962033360537,3.24176048219963,7.20969779769781,182.792820551578
599,"Furniture","BrandA\(#",479.055157172726,4.96080577888427,10.5384006692354,292.128525973028
600,"Furniture","RetailX?&*",747.874580135709,4.28606788890312,14.8830087395725,227.457459585701
601,"Furniture","OutletY(&?",598.970220812937,3.14255247308072,9.30124000543781,282.740414976347
602,"Clothing","ShopZ@*\",667.557215582683,4.17745944786621,14.987308698241,219.650476329833
603,"Furniture","RetailX?&*",591.496531831404,4.0525909329055,11.0793000879917,358.522602658322
604,"Electronics","RetailX?&*",614.426270796185,2.76579323340766,11.9393815082999,475.347570022229
605,"Groceries","ShopZ@*\",590.287641449911,3.97907098483802,13.4243835687932,290.264706900195
606,"Groceries","BrandA\(#",547.53924317651,3.70636961606648,9.05274497502805,374.604759702121
607,"Groceries","RetailX?&*",441.747122600299,3.55635150362137,7.72839809157488,256.759255146462
608,"Clothing","BrandA\(#",446.706526267652,4.11935840987534,8.18467981660166,222.671969768959
609,"Electronics","ShopZ@*\",339.916000362471,4.4254451511469,5.48543863712153,280.191042862538
610,"Clothing","OutletY(&?",499.418228612001,4.86350441660703,11.0916528962048,267.363903876732
611,"Groceries","OutletY(&?",589.935567585671,2.68374617695229,13.0632074853569,317.517830720429
612,"Electronics","BrandA\(#",603.192255652607,4.37180566390498,12.5647212441527,501.047783468717
613,"Clothing","OutletY(&?",509.513270445542,3.52382444433235,9.75085958318399,229.440343740132
614,"Electronics","OutletY(&?",445.237238277809,4.57816508269025,8.48106478994404,368.526068320245
615,"Clothing","OutletY(&?",829.051744331853,4.17293083707892,16.0129618144297,329.827329099172
616,"Clothing","ShopZ@*\",573.668553125042,4.72247858603022,10.948664696219,232.828995167535
617,"Furniture","BrandA\(#",642.057530487914,3.25861934712167,13.3239762036282,350.048757709397
618,"Groceries","BrandA\(#",466.231935933268,4.24731564881442,10.2339020840581,335.376504084018
619,"Clothing","OutletY(&?",496.204237294541,4.14757966901732,9.46750705887206,375.024030988263
620,"Clothing","RetailX?&*",544.860709770673,4.52393112295971,11.2162045943803,283.607053977497
621,"Clothing","ShopZ@*\",667.652231194829,3.8844157456825,10.9672518730017,321.130422548298
622,"Clothing","OutletY(&?",468.852545454387,4.57200842296437,9.45288788224533,256.340371405639
623,"Clothing","OutletY(&?",585.361566678307,3.77751956226206,10.8287894771912,287.169787368902
624,"Furniture","OutletY(&?",290.518536567977,3.78538129805344,6.90890391116263,247.306396253512
625,"Furniture","ShopZ@*\",449.274556591837,4.01268965072789,10.1713155394704,353.773972122206
626,"Groceries","ShopZ@*\",370.799092323669,3.46537391380885,5.21948646536941,227.587000779551
627,"Electronics","ShopZ@*\",611.33627173571,3.77171417958286,13.1490429531863,475.722974493413
628,"Electronics","ShopZ@*\",483.554691171974,4.55500191424121,9.10536542972164,376.415109011136
629,"Groceries","OutletY(&?",460.962591799326,4.82591435215286,9.05531081430871,247.602954851993
630,"Groceries","RetailX?&*",636.909984619857,4.55712733981418,13.6367005194126,373.045883580801
631,"Groceries","ShopZ@*\",611.627285824002,3.78756741240571,12.921713035503,305.347911504993
632,"Furniture","ShopZ@*\",410.19787965325,4.15923994276981,7.38493434772233,316.665518500264
633,"Groceries","RetailX?&*",542.786648760965,4.04924482447237,NA,309.725463505532
634,"Clothing","ShopZ@*\",377.155543148775,3.3704862635321,7.07603563175964,332.628940747375
635,"Electronics","OutletY(&?",452.438497578882,4.12870410557036,10.3006252876241,364.775632839851
636,"Electronics","RetailX?&*",661.657763714695,3.5878533361641,11.6616826887639,482.130558190338
637,"Groceries","ShopZ@*\",645.012795133044,3.46968789052643,13.7200103547433,361.04555973298
638,"Clothing","OutletY(&?",610.901875546684,4.36275273068295,13.60913359913,182.630875561438
639,"Furniture","ShopZ@*\",442.909611366968,3.64603405644683,6.24866721815357,331.505781318323
640,"Furniture","RetailX?&*",311.856852972445,3.92797562474519,6.8848836564094,321.142409888195
641,"Clothing","OutletY(&?",382.430181597584,3.51314221155928,7.28562404988022,309.044378245039
642,"Furniture","RetailX?&*",595.255652462752,4.02797221292657,12.0153348002731,306.354971868138
643,"Groceries","ShopZ@*\",470.943211383491,4.24617327657524,9.14879008010998,277.118730463842
644,"Furniture","OutletY(&?",283.739185443202,4.25127262733345,6.36688101579776,268.846196604765
645,"Furniture","BrandA\(#",481.981251228354,3.46237101138531,10.5679053300391,354.78237733526
646,"Electronics","OutletY(&?",641.023922112458,4.62902112501329,13.4136085435888,505.98738472981
647,"Groceries","BrandA\(#",564.346864051953,4.74648585652219,11.1806445122166,359.074040476185
648,"Furniture","BrandA\(#",417.874145647058,4.18645521320537,7.93335378407227,280.653060246431
649,"Groceries","OutletY(&?",345.408334793498,4.07873977394217,6.76785294385114,249.325940815044
650,"Furniture","ShopZ@*\",417.345277436321,4.03867145166054,8.11961439741462,372.328106788714
651,"Electronics","ShopZ@*\",503.452767132152,4.12877297296987,10.2741172808763,427.293922127828
652,"Electronics","ShopZ@*\",588.807370091206,4.18821179436132,10.9515519132804,445.45754265881
653,"Groceries","OutletY(&?",306.005984520974,4.06841180947408,6.70470027409799,238.399826014597
654,"Groceries","BrandA\(#",602.320175527412,4.32691158545737,11.048104844678,317.895901702362
655,"Furniture","BrandA\(#",500.545772658802,NA,8.5266339470488,284.214997291477
656,"Clothing","ShopZ@*\",556.977896960583,4.56467246425109,11.3973354222991,397.702602791672
657,"Clothing","OutletY(&?",334.674443676513,3.98115859411469,7.10877887758907,365.384499678147
658,"Furniture","ShopZ@*\",433.334561987782,3.12215299173192,9.69211081266826,328.014242220253
659,"Groceries","OutletY(&?",455.176581073448,3.9501398153083,9.82960768938985,274.654463865929
660,"Clothing","ShopZ@*\",604.389134830903,4.22351022632694,12.3075700727644,349.175039486315
661,"Groceries","BrandA\(#",602.817404739542,4.61501583641685,12.7479477065869,336.084842835548
662,"Groceries","BrandA\(#",543.509045924834,4.03010521630755,9.88968318312554,227.662697093923
663,"Clothing","BrandA\(#",660.421218162388,3.0299653991645,12.0678146593863,359.398560161879
664,"Groceries","BrandA\(#",448.458880025463,4.00241588296268,7.75368960371444,342.850295256531
665,"Groceries","BrandA\(#",601.253719377392,3.40039403901626,12.0698029238712,290.621487133316
666,"Electronics","ShopZ@*\",496.405997020928,3.51194714817513,NA,402.525989177305
667,"Groceries","OutletY(&?",433.265790382359,3.48718647438252,9.57170805478983,347.642423675068
668,"Electronics","RetailX?&*",592.338003833084,3.60038653774372,13.3304615297118,481.633279096589
669,"Clothing","ShopZ@*\",638.11003308495,4.56856454527835,13.0914012492738,346.557040191215
670,"Furniture","OutletY(&?",587.825041618485,3.58423555022808,11.6283093830255,320.464921467961
671,"Furniture","ShopZ@*\",449.059654457774,3.78046861302352,8.31991614616591,291.252720277714
672,"Electronics","ShopZ@*\",453.02123658449,4.09208673070013,9.31449295133653,333.763340739638
673,"Groceries","ShopZ@*\",637.7675846806,4.44518981278959,12.6909964188089,278.420360912082
674,"Groceries","BrandA\(#",535.282640641775,3.66664749496251,NA,301.214484567297
675,"Clothing","RetailX?&*",582.957397932112,3.586888068065,10.9821248933597,336.169750277498
676,"Furniture","RetailX?&*",466.129801633569,3.74069213889308,8.31673113464269,317.631597512002
677,"Furniture","OutletY(&?",626.103493646465,3.41414065038331,NA,311.337288683597
678,"Clothing","ShopZ@*\",419.124485503781,4.46001667473491,NA,375.660525913503
679,"Electronics","ShopZ@*\",562.535152086663,2.90902093295053,11.5013208750268,469.517259105464
680,"Clothing","RetailX?&*",418.282503443189,3.73615396132255,NA,247.215951261322
681,"Groceries","BrandA\(#",253.742498341423,3.27942998895306,3.49565888726868,274.823632608888
682,"Groceries","BrandA\(#",365.704248932033,3.02160760790511,NA,290.786554281299
683,"Groceries","BrandA\(#",513.629519921016,4.01432909853963,9.77529034323989,271.26574877258
684,"Clothing","ShopZ@*\",588.292274962583,4.76911783066139,11.6799539479095,206.769147661804
685,"Electronics","OutletY(&?",324.869791690518,4.81732017739991,6.29024707852059,268.835572799068
686,"Clothing","BrandA\(#",374.857553108047,3.71861189582362,8.27320645086345,339.576587409317
687,"Furniture","RetailX?&*",676.454599657549,3.65152214574088,13.4604567340981,263.192129196077
688,"Groceries","OutletY(&?",456.610065017674,3.73088684826421,8.95419988332276,321.811190085511
689,"Clothing","RetailX?&*",550.57001319306,4.35505511589193,13.3842387423924,284.216401371599
690,"Groceries","OutletY(&?",447.306467862268,2.71915151850999,10.0333335548227,285.230661760945
691,"Furniture","RetailX?&*",470.14171148485,4.12385023721114,9.53285246099886,330.205937028118
692,"Groceries","BrandA\(#",508.724420660524,3.79722980949622,9.44329041658251,320.905745253583
693,"Electronics","RetailX?&*",501.096184279901,3.62803075157445,11.2010533691511,407.416881804905
694,"Clothing","ShopZ@*\",480.743978895793,2.99693998433994,8.6822300217231,263.405308379761
695,"Clothing","ShopZ@*\",453.020351485626,NA,NA,327.16565105716
696,"Clothing","OutletY(&?",195.213911020128,3.17547161377207,4.75686396892353,250.046499916139
697,"Furniture","BrandA\(#",686.86555003337,3.99234606340383,13.3259988853415,264.785638742691
698,"Furniture","OutletY(&?",679.042420824304,3.55254916124329,13.2136385925774,369.155598002915
699,"Clothing","ShopZ@*\",389.891825828077,4.02315986209178,8.23814565796461,308.015210161597
700,"Furniture","ShopZ@*\",483.189247789003,4.23050203969189,9.80325608841092,277.810557045093
701,"Clothing","ShopZ@*\",637.527530471249,3.74813061640103,12.5012979974161,241.105431889049
702,"Electronics","BrandA\(#",599.82900230522,3.488800771892,11.7872060111626,464.254167945465
703,"Electronics","RetailX?&*",627.660161874577,3.69412888548484,12.8041024632947,508.160138397017
704,"Groceries","RetailX?&*",392.82530818402,3.66630324839275,8.32323483109433,304.844079062302
705,"Furniture","RetailX?&*",757.726809619797,3.25336208547226,16.448798008349,359.506214147734
706,"Electronics","OutletY(&?",386.654004022967,3.6096908930469,7.31384780111896,311.586108328817
707,"Groceries","OutletY(&?",575.391634188329,3.90329743257142,12.8244921350501,351.557462735572
708,"Groceries","RetailX?&*",514.127598044569,3.8895833451003,NA,242.6952478155
709,"Clothing","BrandA\(#",459.628968203797,4.16477086994365,8.5474927941825,211.854635073025
710,"Furniture","RetailX?&*",462.058420181898,4.64593786156177,7.8882665541345,316.362498487267
711,"Groceries","BrandA\(#",400.8603187469,4.16683551583193,8.32664793668168,359.518919248898
712,"Clothing","RetailX?&*",662.265979575681,4.73789348737103,13.666180972237,273.682579927963
713,"Electronics","OutletY(&?",508.951322776275,3.67603701763985,8.81300103694011,385.765844581851
714,"Furniture","BrandA\(#",525.921794921438,4.67533420500016,10.5663003705855,346.305495036054
715,"Electronics","RetailX?&*",520.963283306103,4.2967044539088,9.50539939191225,416.273493768858
716,"Furniture","BrandA\(#",462.482924693913,3.40414555738298,9.74350134897248,243.988924098742
717,"Furniture","ShopZ@*\",386.597875524495,4.20108550624261,6.17704367107796,258.711757266917
718,"Clothing","RetailX?&*",525.372630968396,3.38115357971526,11.3721699351908,291.350318289952
719,"Electronics","OutletY(&?",290.636055004107,4.47361533784586,5.76831316771378,247.492139148095
720,"Groceries","BrandA\(#",358.143305716439,3.73012692748621,6.12692342058731,340.437652188296
721,"Clothing","BrandA\(#",392.360330506162,3.88194490648169,7.76428449811039,328.699705216959
722,"Furniture","OutletY(&?",392.132113732765,3.66023175552838,7.57697524951625,342.131533193346
723,"Furniture","BrandA\(#",510.718881656708,3.57391085381785,9.84991625903498,377.276958704838
724,"Furniture","RetailX?&*",659.848754832474,4.85106985459839,11.6996260050836,349.373291238329
725,"Clothing","OutletY(&?",348.467585593503,4.49590226145139,6.38414155590105,372.399944669356
726,"Groceries","BrandA\(#",543.367602059661,4.33760653851372,10.6940244183712,282.487325362289
727,"Electronics","OutletY(&?",589.954475332104,4.03680997950197,10.3158372993599,452.916664280023
728,"Furniture","BrandA\(#",401.046779771112,4.3681669072759,8.32329698060499,232.494338654379
729,"Electronics","ShopZ@*\",494.720059847752,4.33085638845798,11.267517583014,384.712746372979
730,"Clothing","OutletY(&?",582.361090262206,4.80176029919064,12.42930900559,382.89700294995
731,"Groceries","RetailX?&*",474.449089745261,4.42501988910622,8.69044883738009,402.870998568831
732,"Electronics","OutletY(&?",477.931565274879,3.89690549677124,8.90176508836232,379.568974356394
733,"Electronics","ShopZ@*\",530.772679121062,3.89255352837005,10.1497613279409,468.008659145111
734,"Groceries","OutletY(&?",493.998674666673,3.76596371783194,10.4858669087204,246.069050199991
735,"Groceries","ShopZ@*\",444.434711006078,3.81813071959208,8.84917468287018,223.311999122476
736,"Clothing","ShopZ@*\",486.138498053911,3.88165803025224,8.77771345828599,299.382957222881
737,"Furniture","RetailX?&*",688.283979238647,4.61144037479913,12.2536949741885,314.645040129588
738,"Electronics","BrandA\(#",587.366867960603,2.83582018365095,12.3066345221907,448.117474690962
739,"Furniture","ShopZ@*\",408.540292717238,3.64907708579483,7.12684240396988,259.880507891242
740,"Groceries","RetailX?&*",375.508237766868,3.93355964031667,8.00717682777515,238.889231544234
741,"Groceries","BrandA\(#",464.001775931739,3.3583707981234,9.35310643421618,347.062209651895
742,"Groceries","ShopZ@*\",632.877470094798,4.80955030505277,13.3793204168391,350.29899550582
743,"Furniture","RetailX?&*",529.267911841695,3.88302584949407,11.6795297378836,292.043103012375
744,"Electronics","ShopZ@*\",429.849476315934,3.4415409343932,7.17369513682107,340.605047741037
745,"Groceries","ShopZ@*\",588.223456781802,3.55419310659466,12.7867727931805,300.766150456626
746,"Groceries","OutletY(&?",486.662961127711,4.43619758125672,10.4210743014751,348.855939691598
747,"Electronics","ShopZ@*\",387.932150070858,4.93450467025204,7.45118811175624,306.029705585078
748,"Clothing","ShopZ@*\",546.119245421179,3.93786574809388,10.9026358528532,330.288306521464
749,"Electronics","OutletY(&?",652.414281017881,4.05351440368816,13.5366840060593,501.320370082628
750,"Clothing","OutletY(&?",543.446829813283,3.52573246997245,11.5294374066197,314.483964292321
751,"Furniture","RetailX?&*",519.200037113893,4.65832235536459,8.66995741496333,354.547567246162
752,"Clothing","OutletY(&?",434.375687158294,4.36132846317298,NA,293.329901688181
753,"Electronics","ShopZ@*\",556.839853086953,2.83537326857123,9.72890157837511,464.379997066611
754,"Groceries","OutletY(&?",392.942946510961,3.67738372709124,5.77769481095032,283.163237740566
755,"Electronics","ShopZ@*\",334.685097551911,3.88294125282924,7.64794133668853,289.450657313637
756,"Clothing","ShopZ@*\",495.664723150625,3.44591966330974,8.40170220855928,206.294769467885
757,"Clothing","RetailX?&*",496.540649420096,3.86338791219892,9.70666985436926,214.24430978372
758,"Electronics","BrandA\(#",736.505553200281,3.4332794228679,13.3835821684942,580.090202678665
759,"Clothing","BrandA\(#",378.36526921081,4.17965397686529,5.77272107486851,306.030942020324
760,"Electronics","OutletY(&?",517.090632334904,4.16782238193257,9.89969865064759,402.748444860514
761,"Furniture","OutletY(&?",580.505309362219,4.40549217656969,12.2572182117433,296.926777247711
762,"Electronics","RetailX?&*",605.059284411588,NA,12.4170850683495,505.862960629923
763,"Furniture","RetailX?&*",498.927551534068,4.79705701942693,9.33607721436217,313.664167709875
764,"Clothing","ShopZ@*\",425.674385857075,3.80693106135595,8.49773067007068,337.224939379179
765,"Clothing","BrandA\(#",493.421594813001,2.92334831628178,9.76973674876252,345.807641951636
766,"Furniture","BrandA\(#",693.975599193716,NA,13.8559874953129,233.314849302105
767,"Clothing","BrandA\(#",548.273900817583,4.32492442251275,10.5194397211585,265.825226337573
768,"Furniture","OutletY(&?",295.552292744193,3.7993822002436,6.2719957574942,345.933531499802
769,"Clothing","BrandA\(#",642.345912865025,4.70043823881646,11.7642157463091,191.65040964742
770,"Furniture","BrandA\(#",554.050266091508,4.54738433934303,11.4585227176047,171.556765241066
771,"Groceries","ShopZ@*\",496.642822816247,4.26874664946061,9.59344875184579,306.810725644589
772,"Electronics","OutletY(&?",498.21363788899,4.0348873788873,9.62867416575157,408.35462202346
773,"Furniture","RetailX?&*",485.02102802066,3.72424968340311,10.406224654047,282.628793690753
774,"Electronics","ShopZ@*\",525.655948095525,3.91152831610903,10.0855471398924,406.230027907649
775,"Electronics","RetailX?&*",449.613306696298,4.23458892383496,8.00691588238839,345.956896613706
776,"Furniture","BrandA\(#",527.701125166001,4.48389839412384,9.35098416180778,349.676940768618
777,"Electronics","BrandA\(#",406.864397517926,3.85194267159283,8.8063206937232,355.186037994419
778,"Groceries","OutletY(&?",520.014687527476,3.63587337078818,8.06700637321047,298.644159913831
779,"Furniture","RetailX?&*",610.683742066645,5.23780293093305,11.7967592677699,315.248168723732
780,"Clothing","BrandA\(#",550.92061136538,4.25927858517485,11.1998686149533,193.689561248403
781,"Electronics","BrandA\(#",603.374967645111,3.54819839733127,NA,470.941894322707
782,"Electronics","ShopZ@*\",390.913123819738,4.46548952817163,7.8252254351185,300.7761402168
783,"Groceries","RetailX?&*",505.47927844726,4.03084324894893,10.7798255878794,312.355978158871
784,"Groceries","OutletY(&?",561.725030272206,4.41339462426082,9.41007201813422,234.866285802524
785,"Electronics","BrandA\(#",393.199513226672,4.02589847628041,6.97677630567705,324.054575661836
786,"Electronics","RetailX?&*",656.581433705846,3.9707854743774,14.8938911181007,512.661141167018
787,"Furniture","OutletY(&?",396.519198901474,4.04530581035613,NA,269.882327291157
788,"Clothing","RetailX?&*",516.451870850584,4.20639039852627,9.36294295708286,300.564601428074
789,"Furniture","RetailX?&*",515.183233035508,3.69495713422803,9.44594609895997,303.341586780279
790,"Furniture","BrandA\(#",512.167030196685,3.67231838486343,9.8090212043538,285.106536436699
791,"Groceries","RetailX?&*",478.957541635653,3.90761039693032,9.76507071896623,290.858338384961
792,"Furniture","BrandA\(#",544.993678714621,4.08565071581855,10.196206307377,292.585491323344
793,"Electronics","OutletY(&?",396.883550810254,3.8413117723653,8.13939061537262,293.044398969473
794,"Furniture","ShopZ@*\",371.063581177678,4.15849228122895,NA,349.982721815534
795,"Electronics","OutletY(&?",434.543136188675,3.449132293699,9.02704423599362,349.817941304535
796,"Groceries","ShopZ@*\",494.267589615222,3.28452077356631,10.6351774935999,387.294248946777
797,"Electronics","BrandA\(#",625.674782035705,4.94600531625404,11.7126133055255,499.734916972267
798,"Furniture","RetailX?&*",658.745413986454,4.19893855653016,13.0521668866651,316.131188107881
799,"Clothing","ShopZ@*\",531.948146254475,3.80148593330271,11.3032515165908,342.022268468073
800,"Clothing","RetailX?&*",538.159162269315,3.86002107575482,10.8181411286211,293.214421798956
801,"Groceries","ShopZ@*\",475.635511636055,4.39255926552178,9.7254052665625,336.615304385722
802,"Electronics","OutletY(&?",504.805308405303,3.89483959288532,10.1469668478262,374.13676578199
803,"Furniture","BrandA\(#",359.545413889821,NA,7.37382512846598,289.595569356314
804,"Furniture","OutletY(&?",528.993372889576,3.86763718695077,10.5551945294197,351.723353238292
805,"Groceries","OutletY(&?",446.444641770625,3.74930447103162,7.82950183720159,301.241859117343
806,"Electronics","ShopZ@*\",533.467877310055,4.30109490676013,10.8433568772736,428.911960463343
807,"Groceries","OutletY(&?",465.40186608455,4.07074727917507,8.85267059934172,356.68451475201
808,"Groceries","RetailX?&*",433.838426516355,NA,10.1125473921286,322.958189213392
809,"Electronics","ShopZ@*\",478.088862319795,3.43730157116263,NA,387.888038088858
810,"Groceries","ShopZ@*\",463.309508936629,3.9323462969753,9.41834157480445,388.079592716383
811,"Groceries","ShopZ@*\",609.457820784237,3.89550552559011,10.2158950915886,207.170907086683
812,"Groceries","BrandA\(#",520.920808243713,3.46256883304316,9.75953740417306,296.857231701189
813,"Groceries","BrandA\(#",543.249142615322,4.49892936312913,10.0365302034237,289.578744618339
814,"Groceries","RetailX?&*",375.914641419922,3.94630012546293,8.74999637146554,293.458268244354
815,"Clothing","OutletY(&?",649.682170962802,3.30722100478427,12.8425574683208,306.061105959462
816,"Groceries","ShopZ@*\",515.937044116076,3.70392968630289,10.463697156978,393.086817254719
817,"Clothing","BrandA\(#",414.371859659675,3.44733321967695,8.58773410524252,196.225147693784
818,"Groceries","BrandA\(#",530.904664544682,4.51954425630721,10.086981811629,351.860037266979
819,"Furniture","RetailX?&*",587.043402984488,5.27145222843105,12.0415832013738,261.982964977875
820,"Clothing","BrandA\(#",361.632286169844,3.66314209043179,8.7392697639167,347.108584046866
821,"Electronics","BrandA\(#",669.010697003056,3.9538849959491,13.9972066500179,555.451432927475
822,"Furniture","OutletY(&?",484.196929482164,4.13986751714533,10.3983386478463,343.085407884918
823,"Furniture","RetailX?&*",612.117078064864,5.3544797095034,11.4078187355454,288.90376986338
824,"Electronics","OutletY(&?",507.226131908891,2.83549826816213,10.3235701774546,424.299705359556
825,"Groceries","BrandA\(#",466.757715543328,3.74302213215184,9.62850074758188,238.588609543505
826,"Furniture","ShopZ@*\",316.507995337314,3.39860262138613,5.6750582766547,250.119781404005
827,"Furniture","BrandA\(#",389.982778141281,3.88618759688154,7.91707611116155,281.855768854181
828,"Electronics","RetailX?&*",495.865970008257,3.862050391207,11.8908474905645,400.116924293873
829,"Clothing","ShopZ@*\",582.785254511714,3.63509559698753,10.6811718582729,325.716582466529
830,"Electronics","RetailX?&*",311.832134584543,4.91707785876177,6.78959034289867,248.893873304312
831,"Clothing","BrandA\(#",637.544111232424,4.12853266853249,11.6770610948962,361.621048884441
832,"Furniture","ShopZ@*\",639.899046430298,5.19679268709398,13.1499776978864,238.006666769938
833,"Clothing","OutletY(&?",385.668374408906,4.41180831310918,6.67154271243716,327.74376680467
834,"Electronics","RetailX?&*",547.230056219311,3.36734392487198,11.5349522760722,430.591899346582
835,"Electronics","RetailX?&*",396.636078664579,3.62325439246591,6.66428167449283,337.79374283702
836,"Furniture","BrandA\(#",487.480002131172,4.13651920958148,9.77007770733055,293.548143264742
837,"Clothing","RetailX?&*",592.866273884668,3.71105052945748,13.1986417364677,274.731505612487
838,"Furniture","OutletY(&?",586.833964769877,4.17714484453881,11.5142052079481,229.519453725889
839,"Groceries","OutletY(&?",415.082539636652,4.36628632097911,8.19525319852941,222.817064846706
840,"Electronics","OutletY(&?",461.336354552443,4.21056113832554,10.6309174028386,385.190893453094
841,"Clothing","ShopZ@*\",402.383642900283,3.93269358291457,10.0839694111672,284.093696443492
842,"Electronics","OutletY(&?",533.954365990492,3.67823053306871,13.1621924325165,430.261457305664
843,"Furniture","OutletY(&?",344.092483556623,3.35533965541792,6.48822434670203,325.768969287799
844,"Furniture","BrandA\(#",237.067455844864,4.17044744929916,3.68621252623825,339.480339825988
845,"Clothing","OutletY(&?",646.981228187286,4.46116783704645,13.5907789061632,192.449841234808
846,"Furniture","RetailX?&*",727.347291299472,3.96016529512741,14.9825412702463,391.910939316393
847,"Groceries","RetailX?&*",454.496645976117,4.37680882636224,10.375141153889,361.754274881087
848,"Clothing","OutletY(&?",576.110248709489,5.113764841762,11.6724183418735,236.687018402298
849,"Clothing","ShopZ@*\",499.249721629028,4.96691064097885,10.1458137920295,259.788949097538
850,"Groceries","BrandA\(#",647.431379971599,3.75254726161193,14.4623862338651,310.417474167339
851,"Electronics","ShopZ@*\",555.414393256938,4.27335592069753,11.2702786351137,425.645996712076
852,"Clothing","OutletY(&?",520.366396511615,3.64889468112693,11.0895630571766,240.473339334568
853,"Furniture","BrandA\(#",320.086354823413,4.3449067119508,6.88624464146684,268.144750964482
854,"Groceries","BrandA\(#",608.295568079775,3.97081842996163,NA,454.186976945579
855,"Groceries","OutletY(&?",464.914638495314,4.13879378903332,8.76348160667601,346.874908591615
856,"Electronics","RetailX?&*",359.650991528497,3.5704926927954,6.85547198704753,256.769648808553
857,"Groceries","ShopZ@*\",479.820333508667,4.60268895791632,7.64787970205033,260.328758323999
858,"Electronics","ShopZ@*\",487.32218402077,3.95791001676157,11.0248986969143,374.900669319603
859,"Electronics","BrandA\(#",605.920687266615,3.77704002102247,10.5233029161243,484.748617001099
860,"Groceries","RetailX?&*",383.2603967736,3.96168931369241,7.07450745216227,318.121864076967
861,"Electronics","OutletY(&?",444.235637268156,NA,8.51438169963336,352.507346961931
862,"Electronics","RetailX?&*",648.811992838316,4.81843200584692,14.1817682134542,512.422213135976
863,"Groceries","ShopZ@*\",635.866576877003,3.44463800583312,12.7751822417882,284.09183345031
864,"Furniture","OutletY(&?",616.321454390236,5.22949560174549,NA,300.535218758495
865,"Electronics","OutletY(&?",666.152394534788,3.61334380676849,13.0288160412032,515.136227666407
866,"Electronics","OutletY(&?",520.40309798299,4.08732168748003,12.0794304080999,420.296082527344
867,"Electronics","RetailX?&*",441.811631313023,2.97092931762537,9.32323044461733,376.476598649496
868,"Furniture","OutletY(&?",555.520406186342,NA,11.6577023410949,248.077533919569
869,"Furniture","OutletY(&?",605.872312582593,4.36588668206437,12.9949772356209,294.790262569461
870,"Furniture","RetailX?&*",741.363327147105,4.25261652928951,13.3450342902132,254.83486946811
871,"Clothing","BrandA\(#",303.501766728881,4.20528611087627,6.05951132217667,256.875541011281
872,"Clothing","BrandA\(#",527.323570306682,3.76661734823366,10.7608956546773,325.488204238767
873,"Clothing","BrandA\(#",565.479458286965,3.07821376697109,10.5428599174025,354.443998355283
874,"Furniture","BrandA\(#",494.540134463962,3.46358768647029,9.90297320924433,343.449175077016
875,"Clothing","BrandA\(#",344.217775151489,3.88508561733798,6.1630151721814,299.741337385318
876,"Groceries","OutletY(&?",574.150089208624,4.31081858749535,11.7027492138521,304.552026982694
877,"Groceries","BrandA\(#",422.091425873608,4.41872274069485,6.65700029425028,262.122716339793
878,"Clothing","ShopZ@*\",550.586149883051,3.84855597542305,11.2961325863345,314.757350203113
879,"Furniture","BrandA\(#",590.755170601785,3.92422373279381,11.1788299185071,349.935229191843
880,"Electronics","ShopZ@*\",628.395701047459,3.91857423873813,13.5072539183611,522.203254851955
881,"Furniture","BrandA\(#",344.213620261443,4.02892276647786,4.91116190707563,349.962314973707
882,"Groceries","BrandA\(#",608.174184817912,4.76857244279308,12.2059970056641,267.51516088222
883,"Electronics","BrandA\(#",424.301864305398,3.6366437359548,8.2651276436455,323.426949962243
884,"Groceries","ShopZ@*\",371.098052615104,3.89761864022382,8.36248466543048,230.577903024563
885,"Groceries","RetailX?&*",631.432066591943,4.0393631462215,11.0486302230261,308.557302708445
886,"Groceries","BrandA\(#",614.625997326498,3.33086705340747,11.743788931465,365.535073395441
887,"Electronics","ShopZ@*\",475.7416732295,NA,10.2266949819519,384.931834371193
888,"Furniture","ShopZ@*\",575.954070623834,NA,12.1319550350752,220.86182661523
889,"Clothing","BrandA\(#",413.967425857694,4.21353456386955,8.6356826247528,381.568321993413
890,"Groceries","BrandA\(#",484.896842094796,4.57004510469016,9.98650714916479,258.903959033453
891,"Groceries","ShopZ@*\",490.627676623913,3.76714702178075,8.14401181845064,250.974832542407
892,"Furniture","ShopZ@*\",471.9259945496,4.72695031061718,10.2895820881705,269.224779142187
893,"Furniture","RetailX?&*",573.409873649724,3.56772189134023,11.6839735364446,250.221779836848
894,"Electronics","RetailX?&*",653.732753549595,3.20185846024887,11.259947985695,539.719443647691
895,"Electronics","BrandA\(#",454.42289372211,3.026993277224,8.91500654429009,343.932742048019
896,"Electronics","BrandA\(#",496.734154764427,4.55202513747029,10.8884508565605,404.267443576137
897,"Furniture","OutletY(&?",663.67573491655,4.15243605565273,13.9773022828088,341.116252815158
898,"Groceries","ShopZ@*\",467.095802947346,3.93478905502574,8.71063110854435,322.289679155769
899,"Groceries","BrandA\(#",239.59618293929,3.85319330649405,5.69951542699565,236.042952723699
900,"Furniture","RetailX?&*",551.398378644793,4.79312772770338,10.6310042471622,332.980886532438
901,"Furniture","BrandA\(#",411.353198888874,4.60057275202962,8.60902294323096,235.050178730061
902,"Furniture","OutletY(&?",400.146159399607,3.49813014440037,8.9314558891348,295.811033408316
903,"Electronics","BrandA\(#",642.081681358485,3.30449150859189,13.2322097159379,489.992930959817
904,"Electronics","RetailX?&*",744.799800701523,4.54264794046493,14.2432934652833,573.065876920541
905,"Furniture","ShopZ@*\",396.021745859646,4.28030590300867,8.74041728400748,356.309902076959
906,"Clothing","ShopZ@*\",603.102518166676,3.74450950745514,13.5394804491168,301.290160391873
907,"Furniture","RetailX?&*",490.585216163037,4.19822598278555,8.8825078894681,325.928354854848
908,"Groceries","OutletY(&?",514.180745922045,2.98838444804432,10.1014205852549,297.740236153327
909,"Groceries","BrandA\(#",622.22367014564,3.66742926353328,13.4481318745872,255.784728382445
910,"Clothing","RetailX?&*",521.367451844107,4.21750360276305,9.57535714875342,329.05974084396
911,"Furniture","BrandA\(#",414.863464613924,3.96354418048802,6.5778934893153,260.157328833646
912,"Electronics","RetailX?&*",452.959112525714,3.35905617794233,8.56448321520951,338.698450295735
913,"Groceries","RetailX?&*",568.613525529887,4.50763306533849,12.4387602880561,420.853530558155
914,"Electronics","BrandA\(#",266.40526681401,4.58152966960101,3.96625770353674,209.08168074152
915,"Furniture","RetailX?&*",609.524438184847,NA,11.9421849330962,333.737374514252
916,"Furniture","BrandA\(#",343.284990116776,3.90726668543849,7.82762988048415,321.860682621388
917,"Electronics","ShopZ@*\",502.193106281838,4.36530696973012,10.0907895799086,403.013239336317
918,"Groceries","RetailX?&*",480.964102240804,4.43186242135933,10.1862010991511,237.540877547003
919,"Clothing","ShopZ@*\",629.306948602434,3.73562619268257,14.2101191320977,252.170658872936
920,"Groceries","BrandA\(#",518.884931505663,3.56073008021595,11.2784698415684,303.695991690825
921,"Groceries","OutletY(&?",510.193913490521,NA,10.795068921283,297.013272740457
922,"Furniture","BrandA\(#",569.81358088586,NA,11.887258025901,242.456614681122
923,"Groceries","ShopZ@*\",417.298544380957,3.52496120532582,7.18755428398254,212.310136762396
924,"Clothing","RetailX?&*",480.410114393362,4.38679356352872,10.4473991813071,276.418375416484
925,"Electronics","RetailX?&*",617.758441380777,3.14810079724285,12.8972754494876,492.261683136343
926,"Groceries","RetailX?&*",568.347362097985,3.39961143660868,11.770567976232,412.208181519554
927,"Furniture","ShopZ@*\",372.450329324747,3.87960746819282,7.5062069302699,341.760267315181
928,"Furniture","BrandA\(#",563.795636741088,3.84896324943139,10.0048648517206,218.983638317893
929,"Groceries","ShopZ@*\",362.241037539628,3.12297762115636,NA,337.480746703016
930,"Clothing","BrandA\(#",440.168919628033,4.25468942094546,10.0583344877783,272.990819215751
931,"Clothing","RetailX?&*",621.092038385701,3.48927183145812,11.810127807866,306.400125202464
932,"Furniture","RetailX?&*",274.895482455415,3.92097053129839,3.69706040163154,333.875492628708
933,"Furniture","RetailX?&*",322.098580911917,3.90171389649952,8.27999948842428,382.996639140795
934,"Furniture","OutletY(&?",630.137267282642,4.34831437041559,12.0384674088666,306.719230151364
935,"Clothing","OutletY(&?",418.520721594735,3.96700927014319,9.51077103254707,264.828936588202
936,"Furniture","RetailX?&*",624.370701857891,3.93282600722587,13.1114675076306,338.24712292745
937,"Groceries","BrandA\(#",483.174979924389,4.82737042200111,11.3212356987333,340.98819106759
938,"Groceries","OutletY(&?",542.777567836292,4.18594744101016,10.8134607721785,345.192183620767
939,"Clothing","RetailX?&*",581.327888962924,4.31177023130505,11.3261132510855,357.1895542449
940,"Electronics","RetailX?&*",434.878813063996,4.23744931341535,10.4298342404316,341.146946682946
941,"Furniture","ShopZ@*\",469.540907685339,4.28581731332262,11.5473479771063,252.836807867881
942,"Furniture","OutletY(&?",458.490283035436,4.667868233519,9.48832454105998,306.660913056124
943,"Electronics","ShopZ@*\",781.608427602238,3.9714479195167,15.8020155975682,603.226648426237
944,"Electronics","RetailX?&*",512.614706909758,4.12142197321122,10.9946436364862,428.537786709965
945,"Clothing","ShopZ@*\",547.280042311109,4.98481706640714,10.2730641558126,325.283361334945
946,"Electronics","RetailX?&*",465.924645905905,3.73498084328526,9.81631907050554,370.119640340225
947,"Clothing","ShopZ@*\",475.820935734539,4.64550448976812,8.52680671255007,308.054412826135
948,"Clothing","BrandA\(#",637.875466885731,3.69646090196384,12.4600297233023,180.438800551385
949,"Groceries","BrandA\(#",466.111633046261,4.85506983766011,10.1171161947569,269.515669347496
950,"Groceries","ShopZ@*\",502.013630276076,3.66687631011967,9.27731919534616,347.216178574349
951,"Groceries","OutletY(&?",537.696216414107,3.59281386164237,11.6047849519136,286.315281992144
952,"Furniture","BrandA\(#",456.827625496212,4.51820131222476,9.63873156961034,341.851791276216
953,"Groceries","OutletY(&?",695.906415617703,4.48246576630646,15.3518708478701,253.118800544002
954,"Clothing","RetailX?&*",357.154038777883,4.27585541873004,9.30874376491239,312.906040931558
955,"Clothing","RetailX?&*",701.129297984563,4.13659426467014,13.4472102021207,272.598664418851
956,"Clothing","OutletY(&?",464.840811112082,4.12092990167095,9.68745505484502,267.542231872742
957,"Groceries","ShopZ@*\",635.711964684949,5.02738035302325,14.2729030747949,290.708222780918
958,"Groceries","ShopZ@*\",300.082258899253,3.28373275239096,6.20069060571161,385.738060918814
959,"Groceries","BrandA\(#",595.608062142845,3.50683184147337,11.2583482415372,308.610757975152
960,"Electronics","OutletY(&?",587.643126497687,3.36042993854695,10.7552917245385,440.782168647835
961,"Groceries","ShopZ@*\",372.878302843991,4.48037774518817,8.85801036008912,379.592054524517
962,"Electronics","ShopZ@*\",423.167612151037,3.87717903233307,11.0628439487048,362.989630305429
963,"Groceries","OutletY(&?",519.352484547022,3.9349957720516,9.33974940792953,325.886262729513
964,"Clothing","ShopZ@*\",614.383542879701,4.89165340916957,12.3982081616161,263.845457387281
965,"Furniture","BrandA\(#",423.400069597133,3.71048677360773,6.8999322463283,342.417778768491
966,"Furniture","RetailX?&*",477.58740009467,5.01139730062164,9.62141920820756,232.650939581413
967,"Electronics","ShopZ@*\",657.134693497734,3.29527959317818,12.8355140052024,554.938193902557
968,"Electronics","OutletY(&?",387.265275914851,4.65891780652425,7.73325223204329,275.813576417612
969,"Electronics","BrandA\(#",594.779398071686,4.16156050128741,14.7904423522384,439.573223552435
970,"Groceries","OutletY(&?",544.87681892349,3.80569974000419,9.49885590001012,295.676436394449
971,"Furniture","BrandA\(#",389.418547144367,3.91358154830646,8.2204843445938,180.512818169069
972,"Electronics","RetailX?&*",433.213215782622,4.66948733388946,10.4969220323638,354.001701727563
973,"Clothing","RetailX?&*",578.32775103022,4.85190293618844,10.9555324771885,268.872914776045
974,"Furniture","BrandA\(#",524.895943271213,3.16076608947433,9.67857615226407,335.908857520645
975,"Electronics","RetailX?&*",642.509827746748,5.71054730417853,12.8985060153808,520.788623608474
976,"Groceries","BrandA\(#",439.821603790841,5.28897132718889,10.0969834457733,277.692301207221
977,"Furniture","ShopZ@*\",328.551230362052,3.73733908267219,6.22789976683605,381.553036620146
978,"Groceries","ShopZ@*\",604.782692647826,3.96780904739653,11.0698625821782,317.146809943522
979,"Furniture","RetailX?&*",439.137838156587,3.66822632223166,8.8533053049243,317.177715777436
980,"Groceries","OutletY(&?",512.034052682256,3.95349945570491,8.22286178553437,344.899212488628
981,"Furniture","BrandA\(#",671.90418138518,4.36992971912292,11.9626285067165,231.763318347755
982,"Clothing","OutletY(&?",474.95859476888,4.05168140746528,10.5856346934686,301.588843665847
983,"Furniture","RetailX?&*",654.955532739698,4.09600349910217,13.5579262292363,323.743731444669
984,"Groceries","BrandA\(#",390.286035006755,4.7394038013482,5.63172427017114,356.641978886274
985,"Clothing","OutletY(&?",592.551123611624,2.89806576070957,12.4686387294554,259.530061088144
986,"Electronics","BrandA\(#",524.6799211871,3.75427847629909,8.18880307129308,415.798532888084
987,"Groceries","BrandA\(#",426.322846064855,4.07220863563144,8.07948820945199,333.312700552892
988,"Furniture","ShopZ@*\",371.999106111035,3.60844968134116,7.73947279917941,485.786036293975
989,"Clothing","BrandA\(#",507.664366359451,4.53048312014352,8.72481274046444,379.493391903772
990,"Clothing","RetailX?&*",525.516476245408,3.77724717893899,11.7778270089411,181.470668283963
991,"Electronics","RetailX?&*",527.744681703468,3.78540992311362,11.7693994240147,419.662982134801
992,"Clothing","BrandA\(#",553.685602223155,4.59450590026493,NA,309.554103688146
993,"Electronics","ShopZ@*\",453.951443402329,4.41714703653075,10.200050777929,366.75107825618
994,"Clothing","BrandA\(#",448.839627781042,3.92484626106796,9.17334233218086,265.038594692795
995,"Groceries","RetailX?&*",523.693787912763,3.83612143360677,11.1239889469225,349.82257648332
996,"Groceries","ShopZ@*\",445.84108283783,3.275917354908,9.5878258446586,265.362732321584
997,"Clothing","BrandA\(#",621.922764704307,3.65135770772419,11.1542975289539,294.825847658065
998,"Clothing","BrandA\(#",517.413587510615,5.29924511606494,8.32216216742277,330.193303215936
999,"Furniture","RetailX?&*",438.473168390352,3.98129249318298,10.9747894321779,269.597750832027
1000,"Furniture","RetailX?&*",319.310703591467,4.45674594522166,6.61760400174051,304.243306026
